{
  "image_path": "F:\\Desktop\\m\\projects\\drawing_revision\\CloudHammer\\outputs\\audit\\denoise\\260309_-_Drawing_Rev2-_Steel_Grab_Bars_75d983f3_p0015_denoise_2.png",
  "pdf_path": "F:\\Desktop\\m\\projects\\drawing_revision\\revision_sets\\Revision #2 - Mod 5 grab bar supports\\260309 - Drawing Rev2- Steel Grab Bars.pdf",
  "page_index": 15,
  "target_digit": null,
  "pdf_digit_words_count": 107,
  "canonical_side_px": 115.58386993408203,
  "summary": {
    "total_detections": 7,
    "active_count": 7,
    "historical_count": 0,
    "geometry_only_count": 0,
    "by_digit": {
      "1": 6,
      "2": 1
    },
    "by_digit_source": {
      "pdf_text_layer": 7
    }
  },
  "all_deltas": [
    {
      "digit": "1",
      "digit_source": "pdf_text_layer",
      "digit_centroid": {
        "x": 6827.460205078125,
        "y": 6286.572509765625
      },
      "digit_bbox": {
        "x0": 6818.4970703125,
        "y0": 6266.806640625,
        "x1": 6836.42333984375,
        "y1": 6306.33837890625
      },
      "status": "active",
      "center": {
        "x": 6827.036336032504,
        "y": 6281.55650243556
      },
      "triangle": {
        "apex": {
          "x": 6826.885959925733,
          "y": 6212.485913556681
        },
        "left_base": {
          "x": 6767.162942973429,
          "y": 6316.091796875
        },
        "right_base": {
          "x": 6887.060105198351,
          "y": 6316.091796875
        }
      },
      "side_length_px": 119.69983104827733,
      "score": 1.1199999999999999,
      "geometry_score": 0.9999999999999999,
      "side_support": 1.0,
      "base_support": 1.0,
      "interior_ink_ratio": 0.0,
      "base_segment_overlap": 0.9591553116517051
    },
    {
      "digit": "1",
      "digit_source": "pdf_text_layer",
      "digit_centroid": {
        "x": 11699.95849609375,
        "y": 2859.57373046875
      },
      "digit_bbox": {
        "x0": 11690.9951171875,
        "y0": 2839.807861328125,
        "x1": 11708.921875,
        "y1": 2879.339599609375
      },
      "status": "active",
      "center": {
        "x": 11699.6728515625,
        "y": 2853.6627197265625
      },
      "triangle": {
        "apex": {
          "x": 11699.2646484375,
          "y": 2785.2818603515625
        },
        "left_base": {
          "x": 11640.66015625,
          "y": 2887.41943359375
        },
        "right_base": {
          "x": 11759.09375,
          "y": 2888.286865234375
        }
      },
      "side_length_px": 117.75369496211843,
      "score": 1.0966666666666667,
      "geometry_score": 0.9766666666666667,
      "side_support": 1.0,
      "base_support": 0.9166666666666666,
      "interior_ink_ratio": 0.0,
      "base_segment_overlap": 0.8443550249018767
    },
    {
      "digit": "1",
      "digit_source": "pdf_text_layer",
      "digit_centroid": {
        "x": 2670.962890625,
        "y": 6180.072265625
      },
      "digit_bbox": {
        "x0": 2662.0,
        "y0": 6160.306640625,
        "x1": 2679.92578125,
        "y1": 6199.837890625
      },
      "status": "active",
      "center": {
        "x": 2670.3790690104165,
        "y": 6174.336995442708
      },
      "triangle": {
        "apex": {
          "x": 2670.458740234375,
          "y": 6108.023193359375
        },
        "left_base": {
          "x": 2611.577392578125,
          "y": 6207.9541015625
        },
        "right_base": {
          "x": 2729.10107421875,
          "y": 6207.03369140625
        }
      },
      "side_length_px": 114.81185819993408,
      "score": 0.8633333333333333,
      "geometry_score": 0.7433333333333333,
      "side_support": 1.0,
      "base_support": 0.08333333333333333,
      "interior_ink_ratio": 0.0,
      "base_segment_overlap": 0.9785261863362811
    },
    {
      "digit": "1",
      "digit_source": "pdf_text_layer",
      "digit_centroid": {
        "x": 4787.96142578125,
        "y": 2339.573974609375
      },
      "digit_bbox": {
        "x0": 4778.998046875,
        "y0": 2319.80810546875,
        "x1": 4796.9248046875,
        "y1": 2359.33984375
      },
      "status": "active",
      "center": {
        "x": 4787.354573567708,
        "y": 2334.112508138021
      },
      "triangle": {
        "apex": {
          "x": 4787.405517578125,
          "y": 2267.3426513671875
        },
        "left_base": {
          "x": 4728.57275390625,
          "y": 2367.134033203125
        },
        "right_base": {
          "x": 4846.08544921875,
          "y": 2367.86083984375
        }
      },
      "side_length_px": 115.58365769042871,
      "score": 0.8633333333333333,
      "geometry_score": 0.7433333333333333,
      "side_support": 1.0,
      "base_support": 0.08333333333333333,
      "interior_ink_ratio": 0.0,
      "base_segment_overlap": 0.9892548178803819
    },
    {
      "digit": "1",
      "digit_source": "pdf_text_layer",
      "digit_centroid": {
        "x": 2427.962890625,
        "y": 6325.072509765625
      },
      "digit_bbox": {
        "x0": 2419.0,
        "y0": 6305.306640625,
        "x1": 2436.92578125,
        "y1": 6344.83837890625
      },
      "status": "active",
      "center": {
        "x": 2427.3546142578125,
        "y": 6319.112548828125
      },
      "triangle": {
        "apex": {
          "x": 2427.4053955078125,
          "y": 6252.342529296875
        },
        "left_base": {
          "x": 2368.57275390625,
          "y": 6352.13427734375
        },
        "right_base": {
          "x": 2486.085693359375,
          "y": 6352.86083984375
        }
      },
      "side_length_px": 115.58386860276819,
      "score": 0.8633333333333333,
      "geometry_score": 0.7433333333333333,
      "side_support": 1.0,
      "base_support": 0.08333333333333333,
      "interior_ink_ratio": 0.0,
      "base_segment_overlap": 0.9892527626404174
    },
    {
      "digit": "2",
      "digit_source": "pdf_text_layer",
      "digit_centroid": {
        "x": 5238.46142578125,
        "y": 3702.073486328125
      },
      "digit_bbox": {
        "x0": 5229.498046875,
        "y0": 3682.3076171875,
        "x1": 5247.4248046875,
        "y1": 3721.83935546875
      },
      "status": "active",
      "center": {
        "x": 5238.065592447917,
        "y": 3696.1082763671875
      },
      "triangle": {
        "apex": {
          "x": 5237.68798828125,
          "y": 3628.9869384765625
        },
        "left_base": {
          "x": 5179.3876953125,
          "y": 3729.38232421875
        },
        "right_base": {
          "x": 5297.12109375,
          "y": 3729.95556640625
        }
      },
      "side_length_px": 116.20650549798086,
      "score": 0.8633333333333333,
      "geometry_score": 0.7433333333333333,
      "side_support": 1.0,
      "base_support": 0.08333333333333333,
      "interior_ink_ratio": 0.0,
      "base_segment_overlap": 0.9874003599897145
    },
    {
      "digit": "1",
      "digit_source": "pdf_text_layer",
      "digit_centroid": {
        "x": 5987.9609375,
        "y": 6358.57275390625
      },
      "digit_bbox": {
        "x0": 5978.99755859375,
        "y0": 6338.80712890625,
        "x1": 5996.92431640625,
        "y1": 6378.33837890625
      },
      "status": "active",
      "center": {
        "x": 5987.234155457561,
        "y": 6337.8283227427755
      },
      "triangle": {
        "apex": {
          "x": 5987.251325434954,
          "y": 6278.722272915827
        },
        "left_base": {
          "x": 5936.103095653749,
          "y": 6367.38134765625
        },
        "right_base": {
          "x": 6038.348045283979,
          "y": 6367.38134765625
        }
      },
      "side_length_px": 102.34226625814975,
      "score": 0.8300389635690629,
      "geometry_score": 0.7100389635690629,
      "side_support": 0.8928571428571429,
      "base_support": 0.7916666666666666,
      "interior_ink_ratio": 0.06662770309760374,
      "base_segment_overlap": 0.0
    }
  ],
  "active_deltas": [
    {
      "digit": "1",