{
  "image_path": "F:\\Desktop\\m\\projects\\drawing_revision\\CloudHammer\\outputs\\audit\\denoise\\260313_-_VA_Biloxi_Rev_3_ff19da68_p0178_denoise_2.png",
  "pdf_path": "F:\\Desktop\\m\\projects\\drawing_revision\\revision_sets\\Revision #3 - EHRM Drawings\\260313 - VA Biloxi Rev 3.pdf",
  "page_index": 178,
  "target_digit": null,
  "pdf_digit_words_count": 50,
  "canonical_side_px": 120.0,
  "summary": {
    "total_detections": 1,
    "active_count": 1,
    "historical_count": 0,
    "geometry_only_count": 0,
    "by_digit": {
      "3": 1
    },
    "by_digit_source": {
      "pdf_text_layer": 1
    }
  },
  "all_deltas": [
    {
      "digit": "3",
      "digit_source": "pdf_text_layer",
      "digit_centroid": {
        "x": 6404.10009765625,
        "y": 4459.9541015625
      },
      "digit_bbox": {
        "x0": 6392.9970703125,
        "y0": 4439.96533203125,
        "x1": 6415.203125,
        "y1": 4479.94287109375
      },
      "status": "active",
      "center": {
        "x": 6403.5419296976315,
        "y": 4457.588531608402
      },
      "triangle": {
        "apex": {
          "x": 6403.3894226589555,
          "y": 4410.989960059582
        },
        "left_base": {
          "x": 6363.664447157067,
          "y": 4480.8878173828125
        },
        "right_base": {
          "x": 6443.57191927687,
          "y": 4480.8878173828125
        }
      },
      "side_length_px": 80.51118510825367,
      "score": 1.0656741573033708,
      "geometry_score": 0.9456741573033708,
      "side_support": 0.9642857142857143,
      "base_support": 1.0,
      "interior_ink_ratio": 0.03932584269662921,
      "base_segment_overlap": 0.9542347700216289
    }
  ],
  "active_deltas": [
    {
      "digit": "3",
      "digit_source": "pdf_text_layer",
      "digit_centroid": {
        "x": 6404.10009765625,
        "y": 4459.9541015625
      },
      "digit_bbox": {
        "x0": 6392.9970703125,
        "y0": 4439.96533203125,
        "x1": 6415.203125,
        "y1": 4479.94287109375
      },
      "status": "active",
      "center": {
        "x": 6403.5419296976315,
        "y": 4457.588531608402
      },
      "triangle": {
        "apex": {
          "x": 6403.3894226589555,
          "y": 4410.989960059582
        },
        "left_base": {
          "x": 6363.664447157067,
          "y": 4480.8878173828125
        },
        "right_base": {
          "x": 6443.57191927687,
          "y": 4480.8878173828125
        }
      },
      "side_length_px": 80.51118510825367,
      "score": 1.0656741573033708,
      "geometry_score": 0.9456741573033708,
      "side_support": 0.9642857142857143,
      "base_support": 1.0,
      "interior_ink_ratio": 0.03932584269662921,
      "base_segment_overlap": 0.9542347700216289
    }
  ],
  "historical_deltas": [],
  "geometry_only_deltas": []
}