{
  "image_path": "F:\\Desktop\\m\\projects\\drawing_revision\\CloudHammer\\outputs\\audit\\denoise\\260313_-_VA_Biloxi_Rev_3_ff19da68_p0180_denoise_2.png",
  "pdf_path": "F:\\Desktop\\m\\projects\\drawing_revision\\revision_sets\\Revision #3 - EHRM Drawings\\260313 - VA Biloxi Rev 3.pdf",
  "page_index": 180,
  "target_digit": null,
  "pdf_digit_words_count": 112,
  "canonical_side_px": 120.0,
  "summary": {
    "total_detections": 2,
    "active_count": 2,
    "historical_count": 0,
    "geometry_only_count": 0,
    "by_digit": {
      "3": 2
    },
    "by_digit_source": {
      "pdf_text_layer": 2
    }
  },
  "all_deltas": [
    {
      "digit": "3",
      "digit_source": "pdf_text_layer",
      "digit_centroid": {
        "x": 1690.602294921875,
        "y": 4098.9537353515625
      },
      "digit_bbox": {
        "x0": 1679.4991455078125,
        "y0": 4078.965087890625,
        "x1": 1701.7054443359375,
        "y1": 4118.9423828125
      },
      "status": "active",
      "center": {
        "x": 1689.869741731106,
        "y": 4096.573824095502
      },
      "triangle": {
        "apex": {
          "x": 1689.8775998729095,
          "y": 4049.95560314588
        },
        "left_base": {
          "x": 1649.6786644037957,
          "y": 4119.8829345703125
        },
        "right_base": {
          "x": 1730.0529609166122,
          "y": 4119.8829345703125
        }
      },
      "side_length_px": 80.65258005524694,
      "score": 1.0639041095890411,
      "geometry_score": 0.9439041095890411,
      "side_support": 0.9642857142857143,
      "base_support": 1.0,
      "interior_ink_ratio": 0.0410958904109589,
      "base_segment_overlap": 0.9642386106314702
    },
    {
      "digit": "3",
      "digit_source": "pdf_text_layer",
      "digit_centroid": {
        "x": 3474.6014404296875,
        "y": 4881.45361328125
      },
      "digit_bbox": {
        "x0": 3463.498291015625,
        "y0": 4861.46484375,
        "x1": 3485.70458984375,
        "y1": 4901.4423828125
      },
      "status": "active",
      "center": {
        "x": 3472.3322097906507,
        "y": 4879.08068309176
      },
      "triangle": {
        "apex": {
          "x": 3473.8970106858555,
          "y": 4832.435164509656
        },
        "left_base": {
          "x": 3434.152445881629,
          "y": 4902.4034423828125
        },
        "right_base": {
          "x": 3508.9471728044678,
          "y": 4902.4034423828125
        }
      },
      "side_length_px": 79.362514472883,
      "score": 0.9917500906782736,
      "geometry_score": 0.8717500906782736,
      "side_support": 0.8571428571428571,
      "base_support": 0.9583333333333334,
      "interior_ink_ratio": 0.056583242655059846,
      "base_segment_overlap": 0.9024798297814677
    }
  ],
  "active_deltas": [
    {
      "digit": "3",
      "digit_source": "pdf_text_layer",
      "digit_centroid": {
        "x": 1690.602294921875,
        "y": 4098.9537353515625
      },
      "digit_bbox": {
        "x0": 1679.4991455078125,
        "y0": 4078.965087890625,
        "x1": 1701.7054443359375,
        "y1": 4118.9423828125
      },
      "status": "active",
      "center": {
        "x": 1689.869741731106,
        "y": 4096.573824095502
      },
      "triangle": {
        "apex": {
          "x": 1689.8775998729095,
          "y": 4049.95560314588
        },
        "left_base": {
          "x": 1649.6786644037957,
          "y": 4119.8829345703125
        },
        "right_base": {
          "x": 1730.0529609166122,
          "y": 4119.8829345703125
        }
      },
      "side_length_px": 80.65258005524694,
      "score": 1.0639041095890411,
      "geometry_score": 0.9439041095890411,
      "side_support": 0.9642857142857143,
      "base_support": 1.0,
      "interior_ink_ratio": 0.0410958904109589,
      "base_segment_overlap": 0.9642386106314702
    },
    {
      "digit": "3",
      "digit_source": "pdf_text_layer",
      "digit_centroid": {
        "x": 3474.6014404296875,
        "y": 4881.45361328125
      },
      "digit_bbox": {
        "x0": 3463.498291015625,
        "y0": 4861.46484375,
        "x1": 3485.70458984375,
        "y1": 4901.4423828125
      },
      "status": "active",
      "center": {
        "x": 3472.3322097906507,
        "y": 4879.08068309176
      },
      "triangle": {
        "apex": {
          "x": 3473.8970106858555,
          "y": 4832.435164509656
        },
        "left_base": {
          "x": 3434.152445881629,
          "y": 4902.4034423828125
        },
        "right_base": {
          "x": 3508.9471728044678,
          "y": 4902.4034423828125
        }
      },
      "side_length_px": 79.362514472883,
      "score": 0.9917500906782736,
      "geometry_score": 0.8717500906782736,
      "side_support": 0.8571428571428571,
      "base_support": 0.9583333333333334,
      "interior_ink_ratio": 0.056583242655059846,
      "base_segment_overlap": 0.9024798297814677
    }
  ],
  "historical_deltas": [],
  "geometry_only_deltas": []
}