{
  "image_path": "F:\\Desktop\\m\\projects\\drawing_revision\\CloudHammer\\outputs\\audit\\denoise\\260309_-_Drawing_Rev2-_Steel_Grab_Bars_75d983f3_p0012_denoise_2.png",
  "pdf_path": "F:\\Desktop\\m\\projects\\drawing_revision\\revision_sets\\Revision #2 - Mod 5 grab bar supports\\260309 - Drawing Rev2- Steel Grab Bars.pdf",
  "page_index": 12,
  "target_digit": null,
  "pdf_digit_words_count": 174,
  "canonical_side_px": 120.0,
  "summary": {
    "total_detections": 3,
    "active_count": 3,
    "historical_count": 0,
    "geometry_only_count": 0,
    "by_digit": {
      "2": 2,
      "1": 1
    },
    "by_digit_source": {
      "pdf_text_layer": 3
    }
  },
  "all_deltas": [
    {
      "digit": "2",
      "digit_source": "pdf_text_layer",
      "digit_centroid": {
        "x": 4807.961669921875,
        "y": 2031.5742797851562
      },
      "digit_bbox": {
        "x0": 4798.99853515625,
        "y0": 2011.8084716796875,
        "x1": 4816.9248046875,
        "y1": 2051.340087890625
      },
      "status": "active",
      "center": {
        "x": 4808.125,
        "y": 2026.4516352158098
      },
      "triangle": {
        "apex": {
          "x": 4808.125,
          "y": 1957.1696029130549
        },
        "left_base": {
          "x": 4748.125,
          "y": 2061.0926513671875
        },
        "right_base": {
          "x": 4868.125,
          "y": 2061.0926513671875
        }
      },
      "side_length_px": 120.0,
      "score": 1.1150000000000002,
      "geometry_score": 0.9950000000000001,
      "side_support": 1.0,
      "base_support": 1.0,
      "interior_ink_ratio": 0.0,
      "base_segment_overlap": 0.9583333333333334
    },
    {
      "digit": "1",
      "digit_source": "pdf_text_layer",
      "digit_centroid": {
        "x": 7441.460693359375,
        "y": 2282.573974609375
      },
      "digit_bbox": {
        "x0": 7432.49755859375,
        "y0": 2262.80810546875,
        "x1": 7450.423828125,
        "y1": 2302.33984375
      },
      "status": "active",
      "center": {
        "x": 7441.875,
        "y": 2278.7293451767473
      },
      "triangle": {
        "apex": {
          "x": 7441.875,
          "y": 2209.4473128739924
        },
        "left_base": {
          "x": 7381.875,
          "y": 2313.370361328125
        },
        "right_base": {
          "x": 7501.875,
          "y": 2313.370361328125
        }
      },
      "side_length_px": 120.0,
      "score": 0.8955362025669644,
      "geometry_score": 0.7755362025669644,
      "side_support": 0.6428571428571429,
      "base_support": 0.875,
      "interior_ink_ratio": 0.0,
      "base_segment_overlap": 0.8437540690104167
    },
    {
      "digit": "2",
      "digit_source": "pdf_text_layer",
      "digit_centroid": {
        "x": 3676.4619140625,
        "y": 1790.5742797851562
      },
      "digit_bbox": {
        "x0": 3667.4990234375,
        "y0": 1770.8084716796875,
        "x1": 3685.4248046875,
        "y1": 1810.340087890625
      },
      "status": "active",
      "center": {
        "x": 3673.072998046875,
        "y": 1783.294901529948
      },
      "triangle": {
        "apex": {
          "x": 3675.860595703125,
          "y": 1717.5519409179688
        },
        "left_base": {
          "x": 3612.787353515625,
          "y": 1821.1484375
        },
        "right_base": {
          "x": 3730.571044921875,
          "y": 1811.184326171875
        }
      },
      "side_length_px": 113.03268778122026,
      "score": 0.893331059572533,
      "geometry_score": 0.773331059572533,
      "side_support": 1.0,
      "base_support": 0.20833333333333334,
      "interior_ink_ratio": 0.0050022737608003635,
      "base_segment_overlap": 0.9865206594782377
    }
  ],
  "active_deltas": [
    {
      "digit": "2",
      "digit_source": "pdf_text_layer",
      "digit_centroid": {
        "x": 4807.961669921875,
        "y": 2031.5742797851562
      },
      "digit_bbox": {
        "x0": 4798.99853515625,
        "y0": 2011.8084716796875,
        "x1": 4816.9248046875,
        "y1": 2051.340087890625
      },
      "status": "active",
      "center": {
        "x": 4808.125,
        "y": 2026.4516352158098
      },
      "triangle": {
        "apex": {
          "x": 4808.125,
          "y": 1957.1696029130549
        },
        "left_base": {
          "x": 4748.125,
          "y": 2061.0926513671875
        },
        "right_base": {
          "x": 4868.125,
          "y": 2061.0926513671875
        }
      },
      "side_length_px": 120.0,
      "score": 1.1150000000000002,
      "geometry_score": 0.9950000000000001,
      "side_support": 1.0,
      "base_support": 1.0,
      "interior_ink_ratio": 0.0,
      "base_segment_overlap": 0.9583333333333334
    },
    {
      "digit": "1",
      "digit_source": "pdf_text_layer",
      "digit_centroid": {
        "x": 7441.460693359375,
        "y": 2282.573974609375
      },
      "digit_bbox": {
        "x0": 7432.49755859375,
        "y0": 2262.80810546875,
        "x1": 7450.423828125,
        "y1": 2302.33984375
      },
      "status": "active",
      "center": {
        "x": 7441.875,
        "y": 2278.7293451767473
      },
      "triangle": {
        "apex": {
          "x": 7441.875,
          "y": 2209.4473128739924
        },
        "left_base": {
          "x": 7381.875,
          "y": 2313.370361328125
        },
        "right_base": {
          "x": 7501.875,
          "y": 2313.370361328125
        }
      },
      "side_length_px": 120.0,
      "score": 0.8955362025669644,
      "geometry_score": 0.7755362025669644,
      "side_support": 0.6428571428571429,
      "base_support": 0.875,
      "interior_ink_ratio": 0.0,
      "base_segment_overlap": 0.8437540690104167
    },
    {
      "digit": "2",
      "digit_source": "pdf_text_layer",
      "digit_centroid": {
        "x": 3676.4619140625,
        "y": 1790.5742797851562
      },
      "digit_bbox": {
        "x0": 3667.4990234375,
        "y0": 1770.8084716796875,
        "x1": 3685.4248046875,
        "y1": 1810.340087890625
      },
      "status": "active",
      "center": {
        "x": 3673.072998046875,
        "y": 1783.294901529948
      },
      "triangle": {
        "apex": {
          "x": 3675.860595703125,
          "y": 1717.5519409179688
        },
        "left_base": {
          "x": 3612.787353515625,
          "y": 1821.1484375
        },
        "right_base": {
          "x": 3730.571044921875,
          "y": 1811.184326171875
        }
      },
      "side_length_px": 113.03268778122026,
      "score": 0.893331059572533,
      "geometry_score": 0.773331059572533,
      "side_support": 1.0,
      "base_support": 0.20833333333333334,
      "interior_ink_ratio": 0.0050022737608003635,
      "base_segment_overlap": 0.9865206594782377
    }
  ],
  "historical_deltas": [],
  "geometry_only_deltas": []
}