{
  "image_path": "F:\\Desktop\\m\\projects\\drawing_revision\\CloudHammer\\outputs\\audit\\denoise\\260309_-_Drawing_Rev2-_Steel_Grab_Bars_75d983f3_p0009_denoise_2.png",
  "pdf_path": "F:\\Desktop\\m\\projects\\drawing_revision\\revision_sets\\Revision #2 - Mod 5 grab bar supports\\260309 - Drawing Rev2- Steel Grab Bars.pdf",
  "page_index": 9,
  "target_digit": null,
  "pdf_digit_words_count": 171,
  "canonical_side_px": 120.0,
  "summary": {
    "total_detections": 1,
    "active_count": 1,
    "historical_count": 0,
    "geometry_only_count": 0,
    "by_digit": {
      "2": 1
    },
    "by_digit_source": {
      "pdf_text_layer": 1
    }
  },
  "all_deltas": [
    {
      "digit": "2",
      "digit_source": "pdf_text_layer",
      "digit_centroid": {
        "x": 2440.462890625,
        "y": 1522.0745239257812
      },
      "digit_bbox": {
        "x0": 2431.5,
        "y0": 1502.3087158203125,
        "x1": 2449.42578125,
        "y1": 1541.84033203125
      },
      "status": "active",
      "center": {
        "x": 2440.5787353515625,
        "y": 1512.668477376302
      },
      "triangle": {
        "apex": {
          "x": 2440.6424560546875,
          "y": 1447.5138549804688
        },
        "left_base": {
          "x": 2383.010986328125,
          "y": 1541.80908203125
        },
        "right_base": {
          "x": 2498.082763671875,
          "y": 1548.6824951171875
        }
      },
      "side_length_px": 112.79361270877152,
      "score": 0.8520171149144253,
      "geometry_score": 0.7320171149144253,
      "side_support": 1.0,
      "base_support": 0.125,
      "interior_ink_ratio": 0.022982885085574573,
      "base_segment_overlap": 0.9569180241612105
    }
  ],
  "active_deltas": [
    {
      "digit": "2",
      "digit_source": "pdf_text_layer",
      "digit_centroid": {
        "x": 2440.462890625,
        "y": 1522.0745239257812
      },
      "digit_bbox": {
        "x0": 2431.5,
        "y0": 1502.3087158203125,
        "x1": 2449.42578125,
        "y1": 1541.84033203125
      },
      "status": "active",
      "center": {
        "x": 2440.5787353515625,
        "y": 1512.668477376302
      },
      "triangle": {
        "apex": {
          "x": 2440.6424560546875,
          "y": 1447.5138549804688
        },
        "left_base": {
          "x": 2383.010986328125,
          "y": 1541.80908203125
        },
        "right_base": {
          "x": 2498.082763671875,
          "y": 1548.6824951171875
        }
      },
      "side_length_px": 112.79361270877152,
      "score": 0.8520171149144253,
      "geometry_score": 0.7320171149144253,
      "side_support": 1.0,
      "base_support": 0.125,
      "interior_ink_ratio": 0.022982885085574573,
      "base_segment_overlap": 0.9569180241612105
    }
  ],
  "historical_deltas": [],
  "geometry_only_deltas": []
}