{
  "image_path": "F:\\Desktop\\m\\projects\\drawing_revision\\CloudHammer\\outputs\\audit\\denoise\\260303-VA_Biloxi_Rev_5_RFI-126_56f520d9_p0001_denoise_2.png",
  "pdf_path": "F:\\Desktop\\m\\projects\\drawing_revision\\revision_sets\\Revision #5 - RFI 126 - Concrete Repairs\\260303-VA Biloxi Rev 5 RFI-126.pdf",
  "page_index": 1,
  "target_digit": null,
  "pdf_digit_words_count": 55,
  "canonical_side_px": 103.55278015136719,
  "summary": {
    "total_detections": 6,
    "active_count": 6,
    "historical_count": 0,
    "geometry_only_count": 0,
    "by_digit": {
      "2": 1,
      "4": 1,
      "3": 1,
      "5": 1,
      "1": 2
    },
    "by_digit_source": {
      "pdf_text_layer": 6
    }
  },
  "all_deltas": [
    {
      "digit": "2",
      "digit_source": "pdf_text_layer",
      "digit_centroid": {
        "x": 7459.201904296875,
        "y": 1364.9409790039062
      },
      "digit_bbox": {
        "x0": 7449.99658203125,
        "y0": 1344.909912109375,
        "x1": 7468.4072265625,
        "y1": 1384.9720458984375
      },
      "status": "active",
      "center": {
        "x": 7459.379932940773,
        "y": 1346.2423174036655
      },
      "triangle": {
        "apex": {
          "x": 7460.856486251017,
          "y": 1288.9092337051368
        },
        "left_base": {
          "x": 7407.311711076917,
          "y": 1374.9088592529297
        },
        "right_base": {
          "x": 7509.971601494383,
          "y": 1374.9088592529297
        }
      },
      "side_length_px": 100.17143447963474,
      "score": 1.104345648090169,
      "geometry_score": 0.984345648090169,
      "side_support": 1.0,
      "base_support": 1.0,
      "interior_ink_ratio": 0.015654351909830933,
      "base_segment_overlap": 0.9619854825205211
    },
    {
      "digit": "4",
      "digit_source": "pdf_text_layer",
      "digit_centroid": {
        "x": 7708.201904296875,
        "y": 1364.9409790039062
      },
      "digit_bbox": {
        "x0": 7698.99658203125,
        "y0": 1344.909912109375,
        "x1": 7717.4072265625,
        "y1": 1384.9720458984375
      },
      "status": "active",
      "center": {
        "x": 7707.728587620169,
        "y": 1345.8322139024167
      },
      "triangle": {
        "apex": {
          "x": 7707.840321943915,
          "y": 1285.543943953344
        },
        "left_base": {
          "x": 7655.769493249294,
          "y": 1375.9763488769531
        },
        "right_base": {
          "x": 7759.575947667298,
          "y": 1375.9763488769531
        }
      },
      "side_length_px": 104.2688159749257,
      "score": 1.0699532710280373,
      "geometry_score": 0.9499532710280374,
      "side_support": 0.9642857142857143,
      "base_support": 1.0,
      "interior_ink_ratio": 0.035046728971962614,
      "base_segment_overlap": 0.963345346919061
    },
    {
      "digit": "3",
      "digit_source": "pdf_text_layer",
      "digit_centroid": {
        "x": 7583.701904296875,
        "y": 1364.9409790039062
      },
      "digit_bbox": {
        "x0": 7574.49658203125,
        "y0": 1344.909912109375,
        "x1": 7592.9072265625,
        "y1": 1384.9720458984375
      },
      "status": "active",
      "center": {
        "x": 7584.900901794434,
        "y": 1346.0786584923715
      },
      "triangle": {
        "apex": {
          "x": 7584.900901794434,
          "y": 1286.2924329966454
        },
        "left_base": {
          "x": 7533.12451171875,
          "y": 1375.9717712402344
        },
        "right_base": {
          "x": 7636.677291870117,
          "y": 1375.9717712402344
        }
      },
      "side_length_px": 103.55278015136719,
      "score": 1.0652207111668566,
      "geometry_score": 0.9452207111668566,
      "side_support": 0.9642857142857143,
      "base_support": 0.9166666666666666,
      "interior_ink_ratio": 0.015853658536585366,
      "base_segment_overlap": 0.929482416025498
    },
    {
      "digit": "5",
      "digit_source": "pdf_text_layer",
      "digit_centroid": {
        "x": 7832.701904296875,
        "y": 1364.9409790039062
      },
      "digit_bbox": {
        "x0": 7823.49658203125,
        "y0": 1344.909912109375,
        "x1": 7841.9072265625,
        "y1": 1384.9720458984375
      },
      "status": "active",
      "center": {
        "x": 7832.803832784685,
        "y": 1346.1715600285424
      },
      "triangle": {
        "apex": {
          "x": 7834.0800158800885,
          "y": 1288.6441356520338
        },
        "left_base": {
          "x": 7780.7123554888185,
          "y": 1374.9352722167969
        },
        "right_base": {
          "x": 7883.619126985151,
          "y": 1374.9352722167969
        }
      },
      "side_length_px": 100.48041954688352,
      "score": 0.9809582309582309,
      "geometry_score": 0.8609582309582309,
      "side_support": 1.0,
      "base_support": 1.0,
      "interior_ink_ratio": 0.019041769041769043,
      "base_segment_overlap": 0.0
    },
    {
      "digit": "1",
      "digit_source": "pdf_text_layer",
      "digit_centroid": {
        "x": 7335.201904296875,
        "y": 1364.9409790039062
      },
      "digit_bbox": {
        "x0": 7325.99658203125,
        "y0": 1344.909912109375,
        "x1": 7344.4072265625,
        "y1": 1384.9720458984375
      },
      "status": "active",
      "center": {
        "x": 7334.242942595208,
        "y": 1345.20677224119
      },
      "triangle": {
        "apex": {
          "x": 7334.340115211376,
          "y": 1285.7450725829447
        },
        "left_base": {
          "x": 7282.762845100455,
          "y": 1374.9376220703125
        },
        "right_base": {
          "x": 7385.625867473796,
          "y": 1374.9376220703125
        }
      },
      "side_length_px": 102.9588615473812,
      "score": 0.9683715596330276,
      "geometry_score": 0.8483715596330276,
      "side_support": 0.9642857142857143,
      "base_support": 1.0,
      "interior_ink_ratio": 0.016628440366972478,
      "base_segment_overlap": 0.0
    },
    {
      "digit": "1",
      "digit_source": "pdf_text_layer",
      "digit_centroid": {
        "x": 7459.201904296875,
        "y": 1606.9407958984375
      },
      "digit_bbox": {
        "x0": 7449.99658203125,
        "y0": 1586.90966796875,
        "x1": 7468.4072265625,
        "y1": 1626.971923828125
      },
      "status": "active",
      "center": {
        "x": 7461.561848958333,
        "y": 1598.743631998698
      },
      "triangle": {
        "apex": {
          "x": 7458.822265625,
          "y": 1528.8833618164062
        },
        "left_base": {
          "x": 7403.43115234375,
          "y": 1628.826171875
        },
        "right_base": {
          "x": 7522.43212890625,
          "y": 1638.5213623046875
        }
      },
      "side_length_px": 120.23169618160763,
      "score": 0.9440389235944258,
      "geometry_score": 0.8240389235944258,
      "side_support": 1.0,
      "base_support": 0.375,
      "interior_ink_ratio": 0.0009610764055742432,
      "base_segment_overlap": 0.9848141674257531
    }
  ],
  "active_deltas": [
    {
      "digit": "2",
      "digit_source": "pdf_text_layer",
      "digit_centroid": {
        "x": 7459.201904296875,
        "y": 1364.9409790039062
      },
      "digit_bbox": {
        "x0": 7449.99658203125,
        "y0": 1344.909912109375,
        "x1": 7468.4072265625,
        "y1": 1384.9720458984375
      },
      "status": "active",
      "center": {
        "x": 7459.379932940773,
        "y": 1346.2423174036655
      },
      "triangle": {
        "apex": {
          "x": 7460.856486251017,
          "y": 1288.9092337051368
        },
        "left_base": {
          "x": 7407.311711076917,
          "y": 1374.9088592529297
        },
        "right_base": {
          "x": 7509.971601494383,
          "y": 1374.9088592529297
        }
      },
      "side_length_px": 100.17143447963474,
      "score": 1.104345648090169,
      "geometry_score": 0.984345648090169,