{
  "image_path": "F:\\Desktop\\m\\projects\\drawing_revision\\CloudHammer\\outputs\\audit\\denoise\\Revision_1_-_Drawing_Changes_6cbee960_p0039_denoise_2.png",
  "pdf_path": "F:\\Desktop\\m\\projects\\drawing_revision\\revision_sets\\Revision #1 - Drawing Changes\\Revision #1 - Drawing Changes.pdf",
  "page_index": 39,
  "target_digit": null,
  "pdf_digit_words_count": 62,
  "canonical_side_px": 78.1487045288086,
  "summary": {
    "total_detections": 4,
    "active_count": 4,
    "historical_count": 0,
    "geometry_only_count": 0,
    "by_digit": {
      "1": 4
    },
    "by_digit_source": {
      "pdf_text_layer": 4
    }
  },
  "all_deltas": [
    {
      "digit": "1",
      "digit_source": "pdf_text_layer",
      "digit_centroid": {
        "x": 8983.53271484375,
        "y": 6838.0126953125
      },
      "digit_bbox": {
        "x0": 8972.49609375,
        "y0": 6818.14013671875,
        "x1": 8994.5693359375,
        "y1": 6857.88525390625
      },
      "status": "active",
      "center": {
        "x": 8981.81685757851,
        "y": 6837.325368242581
      },
      "triangle": {
        "apex": {
          "x": 8979.608219083832,
          "y": 6794.220245352742
        },
        "left_base": {
          "x": 8942.770400006732,
          "y": 6858.8779296875
        },
        "right_base": {
          "x": 9023.071953644967,
          "y": 6858.8779296875
        }
      },
      "side_length_px": 76.1618434383268,
      "score": 1.022472691161867,
      "geometry_score": 0.9024726911618669,
      "side_support": 0.9285714285714286,
      "base_support": 1.0,
      "interior_ink_ratio": 0.06752730883813307,
      "base_segment_overlap": 0.9651120867367444
    },
    {
      "digit": "1",
      "digit_source": "pdf_text_layer",
      "digit_centroid": {
        "x": 9331.033203125,
        "y": 6454.512939453125
      },
      "digit_bbox": {
        "x0": 9319.99609375,
        "y0": 6434.64013671875,
        "x1": 9342.0703125,
        "y1": 6474.3857421875
      },
      "status": "active",
      "center": {
        "x": 9330.79588065897,
        "y": 6452.073271119272
      },
      "triangle": {
        "apex": {
          "x": 9330.274080069543,
          "y": 6405.552332889068
        },
        "left_base": {
          "x": 9297.246946476627,
          "y": 6475.333740234375
        },
        "right_base": {
          "x": 9364.86661543074,
          "y": 6475.333740234375
        }
      },
      "side_length_px": 77.5438319752519,
      "score": 0.9580952380952381,
      "geometry_score": 0.8380952380952381,
      "side_support": 0.8214285714285714,
      "base_support": 0.7916666666666666,
      "interior_ink_ratio": 0.02857142857142857,
      "base_segment_overlap": 0.5545723689574432
    },
    {
      "digit": "1",
      "digit_source": "pdf_text_layer",
      "digit_centroid": {
        "x": 10573.0322265625,
        "y": 5820.012939453125
      },
      "digit_bbox": {
        "x0": 10561.9951171875,
        "y0": 5800.14013671875,
        "x1": 10584.0693359375,
        "y1": 5839.8857421875
      },
      "status": "active",
      "center": {
        "x": 10574.480389465214,
        "y": 5817.734901113039
      },
      "triangle": {
        "apex": {
          "x": 10572.332572618327,
          "y": 5771.442984589118
        },
        "left_base": {
          "x": 10538.508050419856,
          "y": 5840.880859375
        },
        "right_base": {
          "x": 10612.600545357463,
          "y": 5840.880859375
        }
      },
      "side_length_px": 78.75357522637808,
      "score": 0.9291524459613197,
      "geometry_score": 0.8091524459613197,
      "side_support": 0.7142857142857143,
      "base_support": 0.7916666666666666,
      "interior_ink_ratio": 0.012514220705346985,
      "base_segment_overlap": 0.7423417604079396
    },
    {
      "digit": "1",
      "digit_source": "pdf_text_layer",
      "digit_centroid": {
        "x": 10577.033203125,
        "y": 5434.013916015625
      },
      "digit_bbox": {
        "x0": 10565.99609375,
        "y0": 5414.14111328125,
        "x1": 10588.0703125,
        "y1": 5453.88671875
      },
      "status": "active",
      "center": {
        "x": 10579.269964602914,
        "y": 5431.484318254509
      },
      "triangle": {
        "apex": {
          "x": 10576.185906076122,
          "y": 5384.697339529153
        },
        "left_base": {
          "x": 10545.034347621657,
          "y": 5454.8778076171875
        },
        "right_base": {
          "x": 10616.589640110966,
          "y": 5454.8778076171875
        }
      },
      "side_length_px": 78.88178671932178,
      "score": 0.8913106796116504,
      "geometry_score": 0.7713106796116505,
      "side_support": 0.6428571428571429,
      "base_support": 0.875,
      "interior_ink_ratio": 0.043689320388349516,
      "base_segment_overlap": 0.8036016781510781
    }
  ],
  "active_deltas": [
    {
      "digit": "1",
      "digit_source": "pdf_text_layer",
      "digit_centroid": {
        "x": 8983.53271484375,
        "y": 6838.0126953125
      },
      "digit_bbox": {
        "x0": 8972.49609375,
        "y0": 6818.14013671875,
        "x1": 8994.5693359375,
        "y1": 6857.88525390625
      },
      "status": "active",
      "center": {
        "x": 8981.81685757851,
        "y": 6837.325368242581
      },
      "triangle": {
        "apex": {
          "x": 8979.608219083832,
          "y": 6794.220245352742
        },
        "left_base": {
          "x": 8942.770400006732,
          "y": 6858.8779296875
        },
        "right_base": {
          "x": 9023.071953644967,
          "y": 6858.8779296875
        }
      },
      "side_length_px": 76.1618434383268,
      "score": 1.022472691161867,
      "geometry_score": 0.9024726911618669,
      "side_support": 0.9285714285714286,
      "base_support": 1.0,
      "interior_ink_ratio": 0.06752730883813307,
      "base_segment_overlap": 0.9651120867367444
    },
    {
      "digit": "1",
      "digit_source": "pdf_text_layer",
      "digit_centroid": {
        "x": 9331.033203125,
        "y": 6454.512939453125
      },
      "digit_bbox": {
        "x0": 9319.99609375,
        "y0": 6434.64013671875,
        "x1": 9342.0703125,
        "y1": 6474.3857421875
      },
      "status": "active",
      "center": {
        "x": 9330.79588065897,
        "y": 6452.073271119272
      },
      "triangle": {
        "apex": {
          "x": 9330.274080069543,
          "y": 6405.552332889068
        },
        "left_base": {
          "x": 9297.246946476627,
          "y": 6475.333740234375
        },
        "right_base": {
          "x": 9364.86661543074,
          "y": 6475.333740234375
        }
      },
      "side_length_px": 77.5438319752519,
      "score": 0.9580952380952381,
      "geometry_score": 0.8380952380952381,
      "side_support": 0.8214285714285714,
      "base_support": 0.7916666666666666,
      "interior_ink_ratio": 0.02857142857142857,
      "base_segment_overlap": 0.5545723689574432
    },
    {
      "digit": "1",
      "digit_source": "pdf_text_layer",
      "digit_centroid": {
        "x": 10573.0322265625,
        "y": 5820.012939453125
      },
      "digit_bbox": {
        "x0": 10561.9951171875,
        "y0": 5800.14013671875,
        "x1": 10584.0693359375,
        "y1": 5839.8857421875
      },
      "status": "active",
      "center": {
        "x": 10574.480389465214,
        "y": 5817.734901113039
      },
      "triangle": {
        "apex": {
          "x": 10572.332572618327,
          "y": 5771.442984589118
        },
        "left_base": {
          "x": 10538.508050419856,
          "y": 5840.880859375
        },
        "right_base": {
          "x": 10612.600545357463,
          "y": 5840.880859375
        }
      },
      "side_length_px": 78.75357522637808,
      "score": 0.9291524459613197,
      "geometry_score": 0.8091524459613197,
      "side_support": 0.7142857142857143,
      "base_support": 0.7916666666666666,