{
  "image_path": "F:\\Desktop\\m\\projects\\drawing_revision\\CloudHammer\\outputs\\audit\\denoise\\Revision_1_-_Drawing_Changes_6cbee960_p0026_denoise_2.png",
  "pdf_path": "F:\\Desktop\\m\\projects\\drawing_revision\\revision_sets\\Revision #1 - Drawing Changes\\Revision #1 - Drawing Changes.pdf",
  "page_index": 26,
  "target_digit": null,
  "pdf_digit_words_count": 65,
  "canonical_side_px": 111.59556579589844,
  "summary": {
    "total_detections": 5,
    "active_count": 4,
    "historical_count": 0,
    "geometry_only_count": 1,
    "by_digit": {
      "1": 4
    },
    "by_digit_source": {
      "pdf_text_layer": 4
    }
  },
  "all_deltas": [
    {
      "digit": "1",
      "digit_source": "pdf_text_layer",
      "digit_centroid": {
        "x": 12182.1513671875,
        "y": 2053.9473266601562
      },
      "digit_bbox": {
        "x0": 12172.994140625,
        "y0": 2033.9451904296875,
        "x1": 12191.30859375,
        "y1": 2073.949462890625
      },
      "status": "active",
      "center": {
        "x": 12179.846842447916,
        "y": 2048.4332275390625
      },
      "triangle": {
        "apex": {
          "x": 12181.58251953125,
          "y": 1979.0992431640625
        },
        "left_base": {
          "x": 12117.6806640625,
          "y": 2084.846923828125
        },
        "right_base": {
          "x": 12240.27734375,
          "y": 2081.353515625
        }
      },
      "side_length_px": 120.08216708256879,
      "score": 1.029625725633975,
      "geometry_score": 0.909625725633975,
      "side_support": 1.0,
      "base_support": 0.7083333333333334,
      "interior_ink_ratio": 0.008707607699358386,
      "base_segment_overlap": 0.9861875592445376
    },
    {
      "digit": "1",
      "digit_source": "pdf_text_layer",
      "digit_centroid": {
        "x": 1653.9959106445312,
        "y": 5698.05615234375
      },
      "digit_bbox": {
        "x0": 1644.999267578125,
        "y0": 5678.25390625,
        "x1": 1662.9925537109375,
        "y1": 5717.8583984375
      },
      "status": "active",
      "center": {
        "x": 1652.2095540364583,
        "y": 5692.22998046875
      },
      "triangle": {
        "apex": {
          "x": 1654.2591552734375,
          "y": 5622.78515625
        },
        "left_base": {
          "x": 1590.06689453125,
          "y": 5728.5263671875
        },
        "right_base": {
          "x": 1712.3026123046875,
          "y": 5725.37841796875
        }
      },
      "side_length_px": 120.39195212426412,
      "score": 1.01798690421806,
      "geometry_score": 0.89798690421806,
      "side_support": 1.0,
      "base_support": 0.6666666666666666,
      "interior_ink_ratio": 0.00867976244860667,
      "base_segment_overlap": 0.7500067408661264
    },
    {
      "digit": "1",
      "digit_source": "pdf_text_layer",
      "digit_centroid": {
        "x": 5191.99462890625,
        "y": 4800.556884765625
      },
      "digit_bbox": {
        "x0": 5182.998046875,
        "y0": 4780.7548828125,
        "x1": 5200.9912109375,
        "y1": 4820.35888671875
      },
      "status": "active",
      "center": {
        "x": 5191.469889322917,
        "y": 4798.38818359375
      },
      "triangle": {
        "apex": {
          "x": 5190.5087890625,
          "y": 4734.4169921875
        },
        "left_base": {
          "x": 5128.84814453125,
          "y": 4829.7939453125
        },
        "right_base": {
          "x": 5255.052734375,
          "y": 4830.95361328125
        }
      },
      "side_length_px": 111.59556214770478,
      "score": 0.9611092294665537,
      "geometry_score": 0.8411092294665538,
      "side_support": 0.6428571428571429,
      "base_support": 1.0,
      "interior_ink_ratio": 0.008890770533446233,
      "base_segment_overlap": 0.9112188403161718
    },
    {
      "digit": "1",
      "digit_source": "pdf_text_layer",
      "digit_centroid": {
        "x": 7554.9931640625,
        "y": 4744.556884765625
      },
      "digit_bbox": {
        "x0": 7545.99658203125,
        "y0": 4724.7548828125,
        "x1": 7563.98974609375,
        "y1": 4764.35888671875
      },
      "status": "active",
      "center": {
        "x": 7556.135335286458,
        "y": 4732.094482421875
      },
      "triangle": {
        "apex": {
          "x": 7554.854736328125,
          "y": 4669.417724609375
        },
        "left_base": {
          "x": 7502.9306640625,
          "y": 4758.73828125
        },
        "right_base": {
          "x": 7610.62060546875,
          "y": 4768.12744140625
        }
      },
      "side_length_px": 107.767447210749,
      "score": 0.853668751184385,
      "geometry_score": 0.733668751184385,
      "side_support": 1.0,
      "base_support": 0.08333333333333333,
      "interior_ink_ratio": 0.009664582148948267,
      "base_segment_overlap": 0.94015842284481
    },
    {
      "digit": null,
      "digit_source": null,
      "digit_centroid": null,
      "digit_bbox": null,
      "status": "geometry_only",
      "center": {
        "x": 8580.915293053455,
        "y": 5874.277264932646
      },
      "triangle": {
        "apex": {
          "x": 8580.638875372208,
          "y": 5850.741584837002
        },
        "left_base": {
          "x": 8556.642024828456,
          "y": 5886.045104980469
        },
        "right_base": {
          "x": 8605.4649789597,
          "y": 5886.045104980469
        }
      },
      "side_length_px": 42.922896638842786,
      "score": 0.7932812499999999,
      "geometry_score": 0.7932812499999999,
      "side_support": 0.8214285714285714,
      "base_support": 1.0,
      "interior_ink_ratio": 0.01171875,
      "base_segment_overlap": 0.0
    }
  ],
  "active_deltas": [
    {
      "digit": "1",
      "digit_source": "pdf_text_layer",
      "digit_centroid": {
        "x": 12182.1513671875,
        "y": 2053.9473266601562
      },
      "digit_bbox": {
        "x0": 12172.994140625,
        "y0": 2033.9451904296875,
        "x1": 12191.30859375,
        "y1": 2073.949462890625
      },
      "status": "active",
      "center": {
        "x": 12179.846842447916,
        "y": 2048.4332275390625
      },
      "triangle": {
        "apex": {
          "x": 12181.58251953125,
          "y": 1979.0992431640625
        },
        "left_base": {
          "x": 12117.6806640625,
          "y": 2084.846923828125
        },
        "right_base": {
          "x": 12240.27734375,
          "y": 2081.353515625
        }
      },
      "side_length_px": 120.08216708256879,
      "score": 1.029625725633975,
      "geometry_score": 0.909625725633975,
      "side_support": 1.0,
      "base_support": 0.7083333333333334,
      "interior_ink_ratio": 0.008707607699358386,
      "base_segment_overlap": 0.9861875592445376
    },
    {
      "digit": "1",
      "digit_source": "pdf_text_layer",
      "digit_centroid": {
        "x": 1653.9959106445312,
        "y": 5698.05615234375
      },
      "digit_bbox": {
        "x0": 1644.999267578125,
        "y0": 5678.25390625,
        "x1": 1662.9925537109375,
        "y1": 5717.8583984375
      },
      "status": "active",
      "center": {
        "x": 1652.2095540364583,
        "y": 5692.22998046875
      },
      "triangle": {
        "apex": {
          "x": 1654.2591552734375,
          "y": 5622.78515625
        },
        "left_base": {
          "x": 1590.06689453125,
          "y": 5728.5263671875
        },
        "right_base": {
          "x": 1712.3026123046875,
          "y": 5725.37841796875
        }
      },
      "side_length_px": 120.39195212426412,
      "score": 1.01798690421806,
      "geometry_score": 0.89798690421806,
      "side_support": 1.0,
      "base_support": 0.6666666666666666,
      "interior_ink_ratio": 0.00867976244860667,
      "base_segment_overlap": 0.7500067408661264
    },
    {
      "digit": "1",
      "digit_source": "pdf_text_layer",
      "digit_centroid": {
        "x": 5191.99462890625,
        "y": 4800.556884765625
      },