{
  "image_path": "F:\\Desktop\\m\\projects\\drawing_revision\\CloudHammer\\outputs\\audit\\denoise\\Revision_1_-_Drawing_Changes_6cbee960_p0042_denoise_2.png",
  "pdf_path": "F:\\Desktop\\m\\projects\\drawing_revision\\revision_sets\\Revision #1 - Drawing Changes\\Revision #1 - Drawing Changes.pdf",
  "page_index": 42,
  "target_digit": null,
  "pdf_digit_words_count": 72,
  "canonical_side_px": 120.0,
  "summary": {
    "total_detections": 1,
    "active_count": 1,
    "historical_count": 0,
    "geometry_only_count": 0,
    "by_digit": {
      "1": 1
    },
    "by_digit_source": {
      "pdf_text_layer": 1
    }
  },
  "all_deltas": [
    {
      "digit": "1",
      "digit_source": "pdf_text_layer",
      "digit_centroid": {
        "x": 7091.052490234375,
        "y": 4701.488037109375
      },
      "digit_bbox": {
        "x0": 7079.99658203125,
        "y0": 4681.5439453125,
        "x1": 7102.1083984375,
        "y1": 4721.43212890625
      },
      "status": "active",
      "center": {
        "x": 7090.386555989583,
        "y": 4700.105305989583
      },
      "triangle": {
        "apex": {
          "x": 7090.29248046875,
          "y": 4655.3876953125
        },
        "left_base": {
          "x": 7050.20068359375,
          "y": 4722.353515625
        },
        "right_base": {
          "x": 7130.66650390625,
          "y": 4722.57470703125
        }
      },
      "side_length_px": 77.51794195362623,
      "score": 0.9775491113189897,
      "geometry_score": 0.8575491113189897,
      "side_support": 1.0,
      "base_support": 1.0,
      "interior_ink_ratio": 0.02245088868101029,
      "base_segment_overlap": 0.0
    }
  ],
  "active_deltas": [
    {
      "digit": "1",
      "digit_source": "pdf_text_layer",
      "digit_centroid": {
        "x": 7091.052490234375,
        "y": 4701.488037109375
      },
      "digit_bbox": {
        "x0": 7079.99658203125,
        "y0": 4681.5439453125,
        "x1": 7102.1083984375,
        "y1": 4721.43212890625
      },
      "status": "active",
      "center": {
        "x": 7090.386555989583,
        "y": 4700.105305989583
      },
      "triangle": {
        "apex": {
          "x": 7090.29248046875,
          "y": 4655.3876953125
        },
        "left_base": {
          "x": 7050.20068359375,
          "y": 4722.353515625
        },
        "right_base": {
          "x": 7130.66650390625,
          "y": 4722.57470703125
        }
      },
      "side_length_px": 77.51794195362623,
      "score": 0.9775491113189897,
      "geometry_score": 0.8575491113189897,
      "side_support": 1.0,
      "base_support": 1.0,
      "interior_ink_ratio": 0.02245088868101029,
      "base_segment_overlap": 0.0
    }
  ],
  "historical_deltas": [],
  "geometry_only_deltas": []
}