{
  "image_path": "F:\\Desktop\\m\\projects\\drawing_revision\\CloudHammer\\outputs\\audit\\denoise\\Revision_1_-_Drawing_Changes_6cbee960_p0046_denoise_2.png",
  "pdf_path": "F:\\Desktop\\m\\projects\\drawing_revision\\revision_sets\\Revision #1 - Drawing Changes\\Revision #1 - Drawing Changes.pdf",
  "page_index": 46,
  "target_digit": null,
  "pdf_digit_words_count": 34,
  "canonical_side_px": 78.89047241210938,
  "summary": {
    "total_detections": 3,
    "active_count": 3,
    "historical_count": 0,
    "geometry_only_count": 0,
    "by_digit": {
      "1": 3
    },
    "by_digit_source": {
      "pdf_text_layer": 3
    }
  },
  "all_deltas": [
    {
      "digit": "1",
      "digit_source": "pdf_text_layer",
      "digit_centroid": {
        "x": 11125.07568359375,
        "y": 3777.9755859375
      },
      "digit_bbox": {
        "x0": 11113.9951171875,
        "y0": 3758.00927734375,
        "x1": 11136.15625,
        "y1": 3797.94189453125
      },
      "status": "active",
      "center": {
        "x": 11122.341615967285,
        "y": 3775.717315228983
      },
      "triangle": {
        "apex": {
          "x": 11124.458030656766,
          "y": 3729.3813158041357
        },
        "left_base": {
          "x": 11084.15995499868,
          "y": 3798.8853149414062
        },
        "right_base": {
          "x": 11158.406862246411,
          "y": 3798.8853149414062
        }
      },
      "side_length_px": 78.84669157475008,
      "score": 1.0742832764505121,
      "geometry_score": 0.954283276450512,
      "side_support": 0.9642857142857143,
      "base_support": 1.0,
      "interior_ink_ratio": 0.030716723549488054,
      "base_segment_overlap": 0.7408110549841276
    },
    {
      "digit": "1",
      "digit_source": "pdf_text_layer",
      "digit_centroid": {
        "x": 7365.076904296875,
        "y": 5053.97509765625
      },
      "digit_bbox": {
        "x0": 7353.99658203125,
        "y0": 5034.0087890625,
        "x1": 7376.1572265625,
        "y1": 5073.94140625
      },
      "status": "active",
      "center": {
        "x": 7366.367831002369,
        "y": 5051.723122184015
      },
      "triangle": {
        "apex": {
          "x": 7364.736092976636,
          "y": 5005.419122411419
        },
        "left_base": {
          "x": 7329.683351286077,
          "y": 5074.8751220703125
        },
        "right_base": {
          "x": 7404.684048744396,
          "y": 5074.8751220703125
        }
      },
      "side_length_px": 78.962343185524,
      "score": 1.065073664825046,
      "geometry_score": 0.9450736648250461,
      "side_support": 0.9285714285714286,
      "base_support": 0.9583333333333334,
      "interior_ink_ratio": 0.013259668508287293,
      "base_segment_overlap": 0.9166711629676172
    },
    {
      "digit": "1",
      "digit_source": "pdf_text_layer",
      "digit_centroid": {
        "x": 9716.576171875,
        "y": 3518.4754638671875
      },
      "digit_bbox": {
        "x0": 9705.49609375,
        "y0": 3498.509033203125,
        "x1": 9727.65625,
        "y1": 3538.44189453125
      },
      "status": "active",
      "center": {
        "x": 9713.824232662182,
        "y": 3516.1997311814252
      },
      "triangle": {
        "apex": {
          "x": 9715.956723864758,
          "y": 3469.834056825526
        },
        "left_base": {
          "x": 9675.626515117237,
          "y": 3539.382568359375
        },
        "right_base": {
          "x": 9749.88945900455,
          "y": 3539.382568359375
        }
      },
      "side_length_px": 78.89047402550258,
      "score": 1.0061970534069982,
      "geometry_score": 0.8861970534069981,
      "side_support": 0.8214285714285714,
      "base_support": 0.9166666666666666,
      "interior_ink_ratio": 0.015469613259668509,
      "base_segment_overlap": 0.8584625088622739
    }
  ],
  "active_deltas": [
    {
      "digit": "1",
      "digit_source": "pdf_text_layer",
      "digit_centroid": {
        "x": 11125.07568359375,
        "y": 3777.9755859375
      },
      "digit_bbox": {
        "x0": 11113.9951171875,
        "y0": 3758.00927734375,
        "x1": 11136.15625,
        "y1": 3797.94189453125
      },
      "status": "active",
      "center": {
        "x": 11122.341615967285,
        "y": 3775.717315228983
      },
      "triangle": {
        "apex": {
          "x": 11124.458030656766,
          "y": 3729.3813158041357
        },
        "left_base": {
          "x": 11084.15995499868,
          "y": 3798.8853149414062
        },
        "right_base": {
          "x": 11158.406862246411,
          "y": 3798.8853149414062
        }
      },
      "side_length_px": 78.84669157475008,
      "score": 1.0742832764505121,
      "geometry_score": 0.954283276450512,
      "side_support": 0.9642857142857143,
      "base_support": 1.0,
      "interior_ink_ratio": 0.030716723549488054,
      "base_segment_overlap": 0.7408110549841276
    },
    {
      "digit": "1",
      "digit_source": "pdf_text_layer",
      "digit_centroid": {
        "x": 7365.076904296875,
        "y": 5053.97509765625
      },
      "digit_bbox": {
        "x0": 7353.99658203125,
        "y0": 5034.0087890625,
        "x1": 7376.1572265625,
        "y1": 5073.94140625
      },
      "status": "active",
      "center": {
        "x": 7366.367831002369,
        "y": 5051.723122184015
      },
      "triangle": {
        "apex": {
          "x": 7364.736092976636,
          "y": 5005.419122411419
        },
        "left_base": {
          "x": 7329.683351286077,
          "y": 5074.8751220703125
        },
        "right_base": {
          "x": 7404.684048744396,
          "y": 5074.8751220703125
        }
      },
      "side_length_px": 78.962343185524,
      "score": 1.065073664825046,
      "geometry_score": 0.9450736648250461,
      "side_support": 0.9285714285714286,
      "base_support": 0.9583333333333334,
      "interior_ink_ratio": 0.013259668508287293,
      "base_segment_overlap": 0.9166711629676172
    },
    {
      "digit": "1",
      "digit_source": "pdf_text_layer",
      "digit_centroid": {
        "x": 9716.576171875,
        "y": 3518.4754638671875
      },
      "digit_bbox": {
        "x0": 9705.49609375,
        "y0": 3498.509033203125,
        "x1": 9727.65625,
        "y1": 3538.44189453125
      },
      "status": "active",
      "center": {
        "x": 9713.824232662182,
        "y": 3516.1997311814252
      },
      "triangle": {
        "apex": {
          "x": 9715.956723864758,
          "y": 3469.834056825526
        },
        "left_base": {
          "x": 9675.626515117237,
          "y": 3539.382568359375
        },
        "right_base": {
          "x": 9749.88945900455,
          "y": 3539.382568359375
        }
      },
      "side_length_px": 78.89047402550258,
      "score": 1.0061970534069982,
      "geometry_score": 0.8861970534069981,
      "side_support": 0.8214285714285714,
      "base_support": 0.9166666666666666,
      "interior_ink_ratio": 0.015469613259668509,
      "base_segment_overlap": 0.8584625088622739
    }
  ],
  "historical_deltas": [],
  "geometry_only_deltas": []
}