{
  "image_path": "F:\\Desktop\\m\\projects\\drawing_revision\\CloudHammer\\outputs\\audit\\denoise\\Revision_1_-_Drawing_Changes_6cbee960_p0023_denoise_2.png",
  "pdf_path": "F:\\Desktop\\m\\projects\\drawing_revision\\revision_sets\\Revision #1 - Drawing Changes\\Revision #1 - Drawing Changes.pdf",
  "page_index": 23,
  "target_digit": null,
  "pdf_digit_words_count": 43,
  "canonical_side_px": 120.0,
  "summary": {
    "total_detections": 1,
    "active_count": 1,
    "historical_count": 0,
    "geometry_only_count": 0,
    "by_digit": {
      "1": 1
    },
    "by_digit_source": {
      "pdf_text_layer": 1
    }
  },
  "all_deltas": [
    {
      "digit": "1",
      "digit_source": "pdf_text_layer",
      "digit_centroid": {
        "x": 4208.155029296875,
        "y": 6488.945068359375
      },
      "digit_bbox": {
        "x0": 4198.998046875,
        "y0": 6468.94287109375,
        "x1": 4217.31201171875,
        "y1": 6508.947265625
      },
      "status": "active",
      "center": {
        "x": 4207.867024739583,
        "y": 6483.44287109375
      },
      "triangle": {
        "apex": {
          "x": 4208.02734375,
          "y": 6410.9775390625
        },
        "left_base": {
          "x": 4144.56201171875,
          "y": 6519.482421875
        },
        "right_base": {
          "x": 4271.01171875,
          "y": 6519.86865234375
        }
      },
      "side_length_px": 125.42725494091684,
      "score": 1.1061956963053188,
      "geometry_score": 0.9861956963053187,
      "side_support": 1.0,
      "base_support": 1.0,
      "interior_ink_ratio": 0.013804303694681283,
      "base_segment_overlap": 0.9193378358027409
    }
  ],
  "active_deltas": [
    {
      "digit": "1",
      "digit_source": "pdf_text_layer",
      "digit_centroid": {
        "x": 4208.155029296875,
        "y": 6488.945068359375
      },
      "digit_bbox": {
        "x0": 4198.998046875,
        "y0": 6468.94287109375,
        "x1": 4217.31201171875,
        "y1": 6508.947265625
      },
      "status": "active",
      "center": {
        "x": 4207.867024739583,
        "y": 6483.44287109375
      },
      "triangle": {
        "apex": {
          "x": 4208.02734375,
          "y": 6410.9775390625
        },
        "left_base": {
          "x": 4144.56201171875,
          "y": 6519.482421875
        },
        "right_base": {
          "x": 4271.01171875,
          "y": 6519.86865234375
        }
      },
      "side_length_px": 125.42725494091684,
      "score": 1.1061956963053188,
      "geometry_score": 0.9861956963053187,
      "side_support": 1.0,
      "base_support": 1.0,
      "interior_ink_ratio": 0.013804303694681283,
      "base_segment_overlap": 0.9193378358027409
    }
  ],
  "historical_deltas": [],
  "geometry_only_deltas": []
}