{
  "image_path": "F:\\Desktop\\m\\projects\\drawing_revision\\CloudHammer\\outputs\\audit\\denoise\\Revision_1_-_Drawing_Changes_6cbee960_p0010_denoise_2.png",
  "pdf_path": "F:\\Desktop\\m\\projects\\drawing_revision\\revision_sets\\Revision #1 - Drawing Changes\\Revision #1 - Drawing Changes.pdf",
  "page_index": 10,
  "target_digit": null,
  "pdf_digit_words_count": 106,
  "canonical_side_px": 120.54777526855469,
  "summary": {
    "total_detections": 7,
    "active_count": 7,
    "historical_count": 0,
    "geometry_only_count": 0,
    "by_digit": {
      "1": 7
    },
    "by_digit_source": {
      "pdf_text_layer": 7
    }
  },
  "all_deltas": [
    {
      "digit": "1",
      "digit_source": "pdf_text_layer",
      "digit_centroid": {
        "x": 5917.4638671875,
        "y": 1487.5846557617188
      },
      "digit_bbox": {
        "x0": 5908.49755859375,
        "y0": 1467.8134765625,
        "x1": 5926.43017578125,
        "y1": 1507.3558349609375
      },
      "status": "active",
      "center": {
        "x": 5917.499267578125,
        "y": 1484.0109896369402
      },
      "triangle": {
        "apex": {
          "x": 5917.499267578125,
          "y": 1414.4126991354294
        },
        "left_base": {
          "x": 5857.225379943848,
          "y": 1518.8101348876953
        },
        "right_base": {
          "x": 5977.773155212402,
          "y": 1518.8101348876953
        }
      },
      "side_length_px": 120.54777526855469,
      "score": 1.1126266481609992,
      "geometry_score": 0.9926266481609993,
      "side_support": 1.0,
      "base_support": 1.0,
      "interior_ink_ratio": 0.008110687022900763,
      "base_segment_overlap": 1.0
    },
    {
      "digit": "1",
      "digit_source": "pdf_text_layer",
      "digit_centroid": {
        "x": 3678.464599609375,
        "y": 2561.0841064453125
      },
      "digit_bbox": {
        "x0": 3669.498291015625,
        "y0": 2541.312744140625,
        "x1": 3687.430908203125,
        "y1": 2580.85546875
      },
      "status": "active",
      "center": {
        "x": 3678.125,
        "y": 2556.720019788307
      },
      "triangle": {
        "apex": {
          "x": 3678.125,
          "y": 2487.121729286797
        },
        "left_base": {
          "x": 3617.8511123657227,
          "y": 2591.5191650390625
        },
        "right_base": {
          "x": 3738.3988876342773,
          "y": 2591.5191650390625
        }
      },
      "side_length_px": 120.54777526855469,
      "score": 1.1093449260537869,
      "geometry_score": 0.9893449260537869,
      "side_support": 1.0,
      "base_support": 1.0,
      "interior_ink_ratio": 0.011720581340834505,
      "base_segment_overlap": 1.0
    },
    {
      "digit": "1",
      "digit_source": "pdf_text_layer",
      "digit_centroid": {
        "x": 5027.4638671875,
        "y": 2007.5842895507812
      },
      "digit_bbox": {
        "x0": 5018.49755859375,
        "y0": 1987.8131103515625,
        "x1": 5036.43017578125,
        "y1": 2027.35546875
      },
      "status": "active",
      "center": {
        "x": 5027.5,
        "y": 2004.0166659064714
      },
      "triangle": {
        "apex": {
          "x": 5027.5,
          "y": 1934.4183754049607
        },
        "left_base": {
          "x": 4967.226112365723,
          "y": 2038.8158111572266
        },
        "right_base": {
          "x": 5087.773887634277,
          "y": 2038.8158111572266
        }
      },
      "side_length_px": 120.54777526855469,
      "score": 1.108289382373352,
      "geometry_score": 0.988289382373352,
      "side_support": 1.0,
      "base_support": 1.0,
      "interior_ink_ratio": 0.012881679389312978,
      "base_segment_overlap": 1.0
    },
    {
      "digit": "1",
      "digit_source": "pdf_text_layer",
      "digit_centroid": {
        "x": 8513.46240234375,
        "y": 1837.5846557617188
      },
      "digit_bbox": {
        "x0": 8504.49609375,
        "y0": 1817.8134765625,
        "x1": 8522.4287109375,
        "y1": 1857.3558349609375
      },
      "status": "active",
      "center": {
        "x": 8512.824869791666,
        "y": 1831.8076578776042
      },
      "triangle": {
        "apex": {
          "x": 8512.8115234375,
          "y": 1759.9259033203125
        },
        "left_base": {
          "x": 8449.51171875,
          "y": 1868.20361328125
        },
        "right_base": {
          "x": 8576.1513671875,
          "y": 1867.29345703125
        }
      },
      "side_length_px": 124.57382816163906,
      "score": 1.1068852459016392,
      "geometry_score": 0.9868852459016393,
      "side_support": 1.0,
      "base_support": 1.0,
      "interior_ink_ratio": 0.013114754098360656,
      "base_segment_overlap": 0.9080884337479469
    },
    {
      "digit": "1",
      "digit_source": "pdf_text_layer",
      "digit_centroid": {
        "x": 11993.4609375,
        "y": 6261.08251953125
      },
      "digit_bbox": {
        "x0": 11984.494140625,
        "y0": 6241.3115234375,
        "x1": 12002.427734375,
        "y1": 6280.853515625
      },
      "status": "active",
      "center": {
        "x": 11992.852088928223,
        "y": 6258.451831311744
      },
      "triangle": {
        "apex": {
          "x": 11992.852088928223,
          "y": 6188.853540810234
        },
        "left_base": {
          "x": 11932.578201293945,
          "y": 6293.2509765625
        },
        "right_base": {
          "x": 12053.1259765625,
          "y": 6293.2509765625
        }
      },
      "side_length_px": 120.54777526855469,
      "score": 1.0916546119524217,
      "geometry_score": 0.9716546119524218,
      "side_support": 1.0,
      "base_support": 1.0,
      "interior_ink_ratio": 0.0018373909049150207,
      "base_segment_overlap": 0.7777080610043848
    },
    {
      "digit": "1",
      "digit_source": "pdf_text_layer",
      "digit_centroid": {
        "x": 3914.464599609375,
        "y": 1601.0845947265625
      },
      "digit_bbox": {
        "x0": 3905.498291015625,
        "y0": 1581.3133544921875,
        "x1": 3923.430908203125,
        "y1": 1620.8558349609375
      },
      "status": "active",
      "center": {
        "x": 3912.6497395833335,
        "y": 1595.1893513997395
      },
      "triangle": {
        "apex": {
          "x": 3914.043701171875,
          "y": 1524.9871215820312
        },
        "left_base": {
          "x": 3850.575927734375,
          "y": 1631.3243408203125
        },
        "right_base": {
          "x": 3973.32958984375,
          "y": 1629.256591796875
        }
      },
      "side_length_px": 121.5608166801095,
      "score": 1.087516339869281,
      "geometry_score": 0.967516339869281,
      "side_support": 1.0,
      "base_support": 0.9166666666666666,
      "interior_ink_ratio": 0.009150326797385621,
      "base_segment_overlap": 0.7857652859293675
    },
    {
      "digit": "1",
      "digit_source": "pdf_text_layer",
      "digit_centroid": {
        "x": 8277.96240234375,
        "y": 3750.58349609375
      },
      "digit_bbox": {
        "x0": 8268.99609375,
        "y0": 3730.812255859375,
        "x1": 8286.9287109375,
        "y1": 3770.354736328125
      },
      "status": "active",
      "center": {
        "x": 8277.852088928223,
        "y": 3748.450976819557
      },
      "triangle": {
        "apex": {
          "x": 8277.852088928223,
          "y": 3678.852686318047
        },
        "left_base": {
          "x": 8217.578201293945,
          "y": 3783.2501220703125
        },
        "right_base": {
          "x": 8338.1259765625,
          "y": 3783.2501220703125
        }
      },
      "side_length_px": 120.54777526855469,
      "score": 1.0841549059762259,
      "geometry_score": 0.9641549059762259,
      "side_support": 1.0,
      "base_support": 1.0,
      "interior_ink_ratio": 0.007349563619660083,
      "base_segment_overlap": 0.7569693954053679
    }
  ],
  "active_deltas": [
    {
      "digit": "1",