{
  "image_path": "F:\\Desktop\\m\\projects\\drawing_revision\\CloudHammer\\outputs\\audit\\denoise\\Revision_Set_7_37f6066a_p0001_denoise_2.png",
  "pdf_path": "F:\\Desktop\\m\\projects\\drawing_revision\\revision_sets\\Revision #7 - RFI 141 - Deteriorated Attic Wood\\Revision Set #7.pdf",
  "page_index": 1,
  "target_digit": null,
  "pdf_digit_words_count": 58,
  "canonical_side_px": 104.1431884765625,
  "summary": {
    "total_detections": 6,
    "active_count": 6,
    "historical_count": 0,
    "geometry_only_count": 0,
    "by_digit": {
      "4": 1,
      "5": 1,
      "7": 2,
      "6": 1,
      "3": 1
    },
    "by_digit_source": {
      "pdf_text_layer": 6
    }
  },
  "all_deltas": [
    {
      "digit": "4",
      "digit_source": "pdf_text_layer",
      "digit_centroid": {
        "x": 7694.2021484375,
        "y": 1364.9409790039062
      },
      "digit_bbox": {
        "x0": 7684.99658203125,
        "y0": 1344.909912109375,
        "x1": 7703.40771484375,
        "y1": 1384.9720458984375
      },
      "status": "active",
      "center": {
        "x": 7694.647120964524,
        "y": 1344.8921023609066
      },
      "triangle": {
        "apex": {
          "x": 7693.503427118321,
          "y": 1284.807990432329
        },
        "left_base": {
          "x": 7645.448343124507,
          "y": 1374.9341583251953
        },
        "right_base": {
          "x": 7744.989592650744,
          "y": 1374.9341583251953
        }
      },
      "side_length_px": 102.96648326426714,
      "score": 1.0722131147540983,
      "geometry_score": 0.9522131147540984,
      "side_support": 0.9642857142857143,
      "base_support": 1.0,
      "interior_ink_ratio": 0.03278688524590164,
      "base_segment_overlap": 0.9543880252121968
    },
    {
      "digit": "5",
      "digit_source": "pdf_text_layer",
      "digit_centroid": {
        "x": 7818.7021484375,
        "y": 1364.9409790039062
      },
      "digit_bbox": {
        "x0": 7809.49658203125,
        "y0": 1344.909912109375,
        "x1": 7827.90771484375,
        "y1": 1384.9720458984375
      },
      "status": "active",
      "center": {
        "x": 7818.258087275021,
        "y": 1345.3032004795004
      },
      "triangle": {
        "apex": {
          "x": 7818.347660474904,
          "y": 1283.9661199931888
        },
        "left_base": {
          "x": 7769.406486049104,
          "y": 1375.9717407226562
        },
        "right_base": {
          "x": 7867.020115301055,
          "y": 1375.9717407226562
        }
      },
      "side_length_px": 104.14966868812667,
      "score": 1.059570707070707,
      "geometry_score": 0.939570707070707,
      "side_support": 0.9642857142857143,
      "base_support": 0.9166666666666666,
      "interior_ink_ratio": 0.022095959595959596,
      "base_segment_overlap": 0.9729021928461699
    },
    {
      "digit": "7",
      "digit_source": "pdf_text_layer",
      "digit_centroid": {
        "x": 8067.70166015625,
        "y": 1364.9409790039062
      },
      "digit_bbox": {
        "x0": 8058.49609375,
        "y0": 1344.909912109375,
        "x1": 8076.9072265625,
        "y1": 1384.9720458984375
      },
      "status": "active",
      "center": {
        "x": 8066.5380982130155,
        "y": 1345.6491245286877
      },
      "triangle": {
        "apex": {
          "x": 8067.684735441024,
          "y": 1284.978806691532
        },
        "left_base": {
          "x": 8015.1985391133785,
          "y": 1375.9842834472656
        },
        "right_base": {
          "x": 8116.731020084645,
          "y": 1375.9842834472656
        }
      },
      "side_length_px": 104.21834908870869,
      "score": 1.0578714372346876,
      "geometry_score": 0.9378714372346877,
      "side_support": 0.9642857142857143,
      "base_support": 0.875,
      "interior_ink_ratio": 0.01212856276531231,
      "base_segment_overlap": 0.7756186742204815
    },
    {
      "digit": "6",
      "digit_source": "pdf_text_layer",
      "digit_centroid": {
        "x": 7943.20166015625,
        "y": 1364.9409790039062
      },
      "digit_bbox": {
        "x0": 7933.99609375,
        "y0": 1344.909912109375,
        "x1": 7952.4072265625,
        "y1": 1384.9720458984375
      },
      "status": "active",
      "center": {
        "x": 7943.945617675781,
        "y": 1345.9172249751766
      },
      "triangle": {
        "apex": {
          "x": 7943.945617675781,
          "y": 1285.7901270739674
        },
        "left_base": {
          "x": 7891.8740234375,
          "y": 1375.9807739257812
        },
        "right_base": {
          "x": 7996.0172119140625,
          "y": 1375.9807739257812
        }
      },
      "side_length_px": 104.1431884765625,
      "score": 1.0549142038162334,
      "geometry_score": 0.9349142038162332,
      "side_support": 0.9642857142857143,
      "base_support": 0.9166666666666666,
      "interior_ink_ratio": 0.028080229226361032,
      "base_segment_overlap": 0.9362203902989072
    },
    {
      "digit": "7",
      "digit_source": "pdf_text_layer",
      "digit_centroid": {
        "x": 1303.7048950195312,
        "y": 1578.44091796875
      },
      "digit_bbox": {
        "x0": 1294.4993896484375,
        "y0": 1558.4097900390625,
        "x1": 1312.910400390625,
        "y1": 1598.4720458984375
      },
      "status": "active",
      "center": {
        "x": 1303.2947387695312,
        "y": 1573.2845052083333
      },
      "triangle": {
        "apex": {
          "x": 1303.3040161132812,
          "y": 1506.8399658203125
        },
        "left_base": {
          "x": 1244.528076171875,
          "y": 1606.240234375
        },
        "right_base": {
          "x": 1362.0521240234375,
          "y": 1606.7733154296875
        }
      },
      "side_length_px": 115.03940405327984,
      "score": 0.8633333333333333,
      "geometry_score": 0.7433333333333333,
      "side_support": 1.0,
      "base_support": 0.08333333333333333,
      "interior_ink_ratio": 0.0,
      "base_segment_overlap": 0.9891613356225922
    },
    {
      "digit": "3",
      "digit_source": "pdf_text_layer",
      "digit_centroid": {
        "x": 7569.7021484375,
        "y": 1364.9409790039062
      },
      "digit_bbox": {
        "x0": 7560.49658203125,
        "y0": 1344.909912109375,
        "x1": 7578.90771484375,
        "y1": 1384.9720458984375
      },
      "status": "active",
      "center": {
        "x": 7570.149853623049,
        "y": 1345.630354307781
      },
      "triangle": {
        "apex": {
          "x": 7568.905250993636,
          "y": 1284.921336360843
        },
        "left_base": {
          "x": 7520.331797271446,
          "y": 1375.98486328125
        },
        "right_base": {
          "x": 7621.212512604064,
          "y": 1375.98486328125
        }
      },
      "side_length_px": 104.11274116647235,
      "score": 0.832265009096422,
      "geometry_score": 0.712265009096422,
      "side_support": 0.9642857142857143,
      "base_support": 0.5,
      "interior_ink_ratio": 0.012734990903577926,
      "base_segment_overlap": 0.0
    }
  ],
  "active_deltas": [
    {
      "digit": "4",
      "digit_source": "pdf_text_layer",
      "digit_centroid": {
        "x": 7694.2021484375,
        "y": 1364.9409790039062
      },
      "digit_bbox": {
        "x0": 7684.99658203125,
        "y0": 1344.909912109375,
        "x1": 7703.40771484375,
        "y1": 1384.9720458984375
      },
      "status": "active",
      "center": {
        "x": 7694.647120964524,
        "y": 1344.8921023609066
      },
      "triangle": {
        "apex": {
          "x": 7693.503427118321,
          "y": 1284.807990432329
        },
        "left_base": {
          "x": 7645.448343124507,
          "y": 1374.9341583251953
        },
        "right_base": {
          "x": 7744.989592650744,
          "y": 1374.9341583251953
        }
      },
      "side_length_px": 102.96648326426714,
      "score": 1.0722131147540983,