{
  "image_path": "F:\\Desktop\\m\\projects\\drawing_revision\\CloudHammer\\outputs\\audit\\denoise\\Revision_1_-_Drawing_Changes_6cbee960_p0027_denoise_2.png",
  "pdf_path": "F:\\Desktop\\m\\projects\\drawing_revision\\revision_sets\\Revision #1 - Drawing Changes\\Revision #1 - Drawing Changes.pdf",
  "page_index": 27,
  "target_digit": null,
  "pdf_digit_words_count": 66,
  "canonical_side_px": 120.0,
  "summary": {
    "total_detections": 1,
    "active_count": 1,
    "historical_count": 0,
    "geometry_only_count": 0,
    "by_digit": {
      "1": 1
    },
    "by_digit_source": {
      "pdf_text_layer": 1
    }
  },
  "all_deltas": [
    {
      "digit": "1",
      "digit_source": "pdf_text_layer",
      "digit_centroid": {
        "x": 8747.65234375,
        "y": 2550.947021484375
      },
      "digit_bbox": {
        "x0": 8738.4951171875,
        "y0": 2530.94482421875,
        "x1": 8756.8095703125,
        "y1": 2570.94921875
      },
      "status": "active",
      "center": {
        "x": 8748.125,
        "y": 2547.707555625966
      },
      "triangle": {
        "apex": {
          "x": 8748.125,
          "y": 2478.425523323211
        },
        "left_base": {
          "x": 8688.125,
          "y": 2582.3485717773438
        },
        "right_base": {
          "x": 8808.125,
          "y": 2582.3485717773438
        }
      },
      "side_length_px": 120.0,
      "score": 1.10125,
      "geometry_score": 0.9812500000000001,
      "side_support": 1.0,
      "base_support": 1.0,
      "interior_ink_ratio": 0.0,
      "base_segment_overlap": 0.84375
    }
  ],
  "active_deltas": [
    {
      "digit": "1",
      "digit_source": "pdf_text_layer",
      "digit_centroid": {
        "x": 8747.65234375,
        "y": 2550.947021484375
      },
      "digit_bbox": {
        "x0": 8738.4951171875,
        "y0": 2530.94482421875,
        "x1": 8756.8095703125,
        "y1": 2570.94921875
      },
      "status": "active",
      "center": {
        "x": 8748.125,
        "y": 2547.707555625966
      },
      "triangle": {
        "apex": {
          "x": 8748.125,
          "y": 2478.425523323211
        },
        "left_base": {
          "x": 8688.125,
          "y": 2582.3485717773438
        },
        "right_base": {
          "x": 8808.125,
          "y": 2582.3485717773438
        }
      },
      "side_length_px": 120.0,
      "score": 1.10125,
      "geometry_score": 0.9812500000000001,
      "side_support": 1.0,
      "base_support": 1.0,
      "interior_ink_ratio": 0.0,
      "base_segment_overlap": 0.84375
    }
  ],
  "historical_deltas": [],
  "geometry_only_deltas": []
}