{
  "image_path": "F:\\Desktop\\m\\projects\\drawing_revision\\CloudHammer\\outputs\\audit\\denoise\\Revision_1_-_Drawing_Changes_6cbee960_p0022_denoise_2.png",
  "pdf_path": "F:\\Desktop\\m\\projects\\drawing_revision\\revision_sets\\Revision #1 - Drawing Changes\\Revision #1 - Drawing Changes.pdf",
  "page_index": 22,
  "target_digit": null,
  "pdf_digit_words_count": 75,
  "canonical_side_px": 120.0,
  "summary": {
    "total_detections": 3,
    "active_count": 2,
    "historical_count": 0,
    "geometry_only_count": 1,
    "by_digit": {
      "1": 2
    },
    "by_digit_source": {
      "pdf_text_layer": 2
    }
  },
  "all_deltas": [
    {
      "digit": "1",
      "digit_source": "pdf_text_layer",
      "digit_centroid": {
        "x": 1840.46240234375,
        "y": 5967.57666015625
      },
      "digit_bbox": {
        "x0": 1831.4991455078125,
        "y0": 5947.81103515625,
        "x1": 1849.4256591796875,
        "y1": 5987.34228515625
      },
      "status": "active",
      "center": {
        "x": 1840.000244140625,
        "y": 5964.188146446279
      },
      "triangle": {
        "apex": {
          "x": 1840.000244140625,
          "y": 5894.906114143524
        },
        "left_base": {
          "x": 1780.000244140625,
          "y": 5998.829162597656
        },
        "right_base": {
          "x": 1900.000244140625,
          "y": 5998.829162597656
        }
      },
      "side_length_px": 120.0,
      "score": 1.1095905621096462,
      "geometry_score": 0.9895905621096461,
      "side_support": 1.0,
      "base_support": 1.0,
      "interior_ink_ratio": 0.011450381679389313,
      "base_segment_overlap": 1.0
    },
    {
      "digit": "1",
      "digit_source": "pdf_text_layer",
      "digit_centroid": {
        "x": 8509.95947265625,
        "y": 1946.07861328125
      },
      "digit_bbox": {
        "x0": 8500.99609375,
        "y0": 1926.3133544921875,
        "x1": 8518.9228515625,
        "y1": 1965.8438720703125
      },
      "status": "active",
      "center": {
        "x": 8509.375,
        "y": 1943.595952842763
      },
      "triangle": {
        "apex": {
          "x": 8509.375,
          "y": 1874.313920540008
        },
        "left_base": {
          "x": 8449.375,
          "y": 1978.2369689941406
        },
        "right_base": {
          "x": 8569.375,
          "y": 1978.2369689941406
        }
      },
      "side_length_px": 120.0,
      "score": 1.0573460890254784,
      "geometry_score": 0.9373460890254784,
      "side_support": 0.8928571428571429,
      "base_support": 1.0,
      "interior_ink_ratio": 0.007633587786259542,
      "base_segment_overlap": 1.0
    },
    {
      "digit": null,
      "digit_source": null,
      "digit_centroid": null,
      "digit_bbox": null,
      "status": "geometry_only",
      "center": {
        "x": 9952.324468696346,
        "y": 2455.170663364425
      },
      "triangle": {
        "apex": {
          "x": 9950.065554039968,
          "y": 2404.607204937024
        },
        "left_base": {
          "x": 9924.650116283663,
          "y": 2480.452392578125
        },
        "right_base": {
          "x": 9982.257735765405,
          "y": 2480.452392578125
        }
      },
      "side_length_px": 81.19229064300629,
      "score": 0.857270706183908,
      "geometry_score": 0.857270706183908,
      "side_support": 0.8571428571428571,
      "base_support": 1.0,
      "interior_ink_ratio": 0.07718120805369127,
      "base_segment_overlap": 0.4291946783909973
    }
  ],
  "active_deltas": [
    {
      "digit": "1",
      "digit_source": "pdf_text_layer",
      "digit_centroid": {
        "x": 1840.46240234375,
        "y": 5967.57666015625
      },
      "digit_bbox": {
        "x0": 1831.4991455078125,
        "y0": 5947.81103515625,
        "x1": 1849.4256591796875,
        "y1": 5987.34228515625
      },
      "status": "active",
      "center": {
        "x": 1840.000244140625,
        "y": 5964.188146446279
      },
      "triangle": {
        "apex": {
          "x": 1840.000244140625,
          "y": 5894.906114143524
        },
        "left_base": {
          "x": 1780.000244140625,
          "y": 5998.829162597656
        },
        "right_base": {
          "x": 1900.000244140625,
          "y": 5998.829162597656
        }
      },
      "side_length_px": 120.0,
      "score": 1.1095905621096462,
      "geometry_score": 0.9895905621096461,
      "side_support": 1.0,
      "base_support": 1.0,
      "interior_ink_ratio": 0.011450381679389313,
      "base_segment_overlap": 1.0
    },
    {
      "digit": "1",
      "digit_source": "pdf_text_layer",
      "digit_centroid": {
        "x": 8509.95947265625,
        "y": 1946.07861328125
      },
      "digit_bbox": {
        "x0": 8500.99609375,
        "y0": 1926.3133544921875,
        "x1": 8518.9228515625,
        "y1": 1965.8438720703125
      },
      "status": "active",
      "center": {
        "x": 8509.375,
        "y": 1943.595952842763
      },
      "triangle": {
        "apex": {
          "x": 8509.375,
          "y": 1874.313920540008
        },
        "left_base": {
          "x": 8449.375,
          "y": 1978.2369689941406
        },
        "right_base": {
          "x": 8569.375,
          "y": 1978.2369689941406
        }
      },
      "side_length_px": 120.0,
      "score": 1.0573460890254784,
      "geometry_score": 0.9373460890254784,
      "side_support": 0.8928571428571429,
      "base_support": 1.0,
      "interior_ink_ratio": 0.007633587786259542,
      "base_segment_overlap": 1.0
    }
  ],
  "historical_deltas": [],
  "geometry_only_deltas": [
    {
      "digit": null,
      "digit_source": null,
      "digit_centroid": null,
      "digit_bbox": null,
      "status": "geometry_only",
      "center": {
        "x": 9952.324468696346,
        "y": 2455.170663364425
      },
      "triangle": {
        "apex": {
          "x": 9950.065554039968,
          "y": 2404.607204937024
        },
        "left_base": {
          "x": 9924.650116283663,
          "y": 2480.452392578125
        },
        "right_base": {
          "x": 9982.257735765405,
          "y": 2480.452392578125
        }
      },
      "side_length_px": 81.19229064300629,
      "score": 0.857270706183908,
      "geometry_score": 0.857270706183908,
      "side_support": 0.8571428571428571,
      "base_support": 1.0,
      "interior_ink_ratio": 0.07718120805369127,
      "base_segment_overlap": 0.4291946783909973
    }
  ]
}