{
  "image_path": "F:\\Desktop\\m\\projects\\drawing_revision\\CloudHammer\\outputs\\audit\\denoise\\Revision_1_-_Drawing_Changes_6cbee960_p0048_denoise_2.png",
  "pdf_path": "F:\\Desktop\\m\\projects\\drawing_revision\\revision_sets\\Revision #1 - Drawing Changes\\Revision #1 - Drawing Changes.pdf",
  "page_index": 48,
  "target_digit": null,
  "pdf_digit_words_count": 39,
  "canonical_side_px": 73.04400634765625,
  "summary": {
    "total_detections": 6,
    "active_count": 6,
    "historical_count": 0,
    "geometry_only_count": 0,
    "by_digit": {
      "1": 6
    },
    "by_digit_source": {
      "pdf_text_layer": 6
    }
  },
  "all_deltas": [
    {
      "digit": "1",
      "digit_source": "pdf_text_layer",
      "digit_centroid": {
        "x": 7988.900390625,
        "y": 4059.9681396484375
      },
      "digit_bbox": {
        "x0": 7977.76611328125,
        "y0": 4040.009765625,
        "x1": 8000.03466796875,
        "y1": 4079.926513671875
      },
      "status": "active",
      "center": {
        "x": 7992.047944259742,
        "y": 4059.5156791935538
      },
      "triangle": {
        "apex": {
          "x": 7991.93954381834,
          "y": 4017.661051252536
        },
        "left_base": {
          "x": 7955.923224696283,
          "y": 4080.4429931640625
        },
        "right_base": {
          "x": 8028.281064264599,
          "y": 4080.4429931640625
        }
      },
      "side_length_px": 72.46037755115466,
      "score": 1.061687898089172,
      "geometry_score": 0.941687898089172,
      "side_support": 0.9642857142857143,
      "base_support": 1.0,
      "interior_ink_ratio": 0.04331210191082802,
      "base_segment_overlap": 0.5356070789974231
    },
    {
      "digit": "1",
      "digit_source": "pdf_text_layer",
      "digit_centroid": {
        "x": 4763.143798828125,
        "y": 4045.9681396484375
      },
      "digit_bbox": {
        "x0": 4752.00927734375,
        "y0": 4026.009765625,
        "x1": 4774.2783203125,
        "y1": 4065.926513671875
      },
      "status": "active",
      "center": {
        "x": 4766.4309422973165,
        "y": 4046.155853257466
      },
      "triangle": {
        "apex": {
          "x": 4766.477069561382,
          "y": 4003.7705382880235
        },
        "left_base": {
          "x": 4729.891237585087,
          "y": 4067.3485107421875
        },
        "right_base": {
          "x": 4802.924519745479,
          "y": 4067.3485107421875
        }
      },
      "side_length_px": 73.31866922548784,
      "score": 1.0597293972939728,
      "geometry_score": 0.9397293972939729,
      "side_support": 1.0,
      "base_support": 1.0,
      "interior_ink_ratio": 0.06027060270602706,
      "base_segment_overlap": 0.5478893864905685
    },
    {
      "digit": "1",
      "digit_source": "pdf_text_layer",
      "digit_centroid": {
        "x": 2790.389892578125,
        "y": 4065.4678955078125
      },
      "digit_bbox": {
        "x0": 2779.255615234375,
        "y0": 4045.509521484375,
        "x1": 2801.524169921875,
        "y1": 4085.42626953125
      },
      "status": "active",
      "center": {
        "x": 2793.820904979715,
        "y": 4065.3644215630993
      },
      "triangle": {
        "apex": {
          "x": 2793.6654627652665,
          "y": 4023.3010283611725
        },
        "left_base": {
          "x": 2757.6447369139087,
          "y": 4086.3961181640625
        },
        "right_base": {
          "x": 2830.15251525997,
          "y": 4086.3961181640625
        }
      },
      "side_length_px": 72.76933219964604,
      "score": 1.0588535031847133,
      "geometry_score": 0.9388535031847133,
      "side_support": 1.0,
      "base_support": 1.0,
      "interior_ink_ratio": 0.061146496815286625,
      "base_segment_overlap": 0.5517524956468766
    },
    {
      "digit": "1",
      "digit_source": "pdf_text_layer",
      "digit_centroid": {
        "x": 10945.65673828125,
        "y": 1024.9619445800781
      },
      "digit_bbox": {
        "x0": 10934.5224609375,
        "y0": 1005.0036010742188,
        "x1": 10956.791015625,
        "y1": 1044.9202880859375
      },
      "status": "active",
      "center": {
        "x": 10945.837012400973,
        "y": 1023.4241143083632
      },
      "triangle": {
        "apex": {
          "x": 10945.901270309152,
          "y": 977.4434855032146
        },
        "left_base": {
          "x": 10906.033452260006,
          "y": 1046.4144287109375
        },
        "right_base": {
          "x": 10985.576314633754,
          "y": 1046.4144287109375
        }
      },
      "side_length_px": 79.61635961108637,
      "score": 1.0585573122529643,
      "geometry_score": 0.9385573122529645,
      "side_support": 0.9642857142857143,
      "base_support": 1.0,
      "interior_ink_ratio": 0.046442687747035576,
      "base_segment_overlap": 0.5657449986028155
    },
    {
      "digit": "1",
      "digit_source": "pdf_text_layer",
      "digit_centroid": {
        "x": 10013.40478515625,
        "y": 4043.7178955078125
      },
      "digit_bbox": {
        "x0": 10002.2705078125,
        "y0": 4023.759521484375,
        "x1": 10024.5390625,
        "y1": 4063.67626953125
      },
      "status": "active",
      "center": {
        "x": 10016.629194481617,
        "y": 4043.433118645515
      },
      "triangle": {
        "apex": {
          "x": 10016.737894083757,
          "y": 4001.527139139672
        },
        "left_base": {
          "x": 9980.432585386212,
          "y": 4064.3861083984375
        },
        "right_base": {
          "x": 10052.717103974877,
          "y": 4064.3861083984375
        }
      },
      "side_length_px": 72.50884706754854,
      "score": 1.0570849759088918,
      "geometry_score": 0.9370849759088918,
      "side_support": 1.0,
      "base_support": 0.9583333333333334,
      "interior_ink_ratio": 0.051248357424441525,
      "base_segment_overlap": 0.5361841409023016
    },
    {
      "digit": "1",
      "digit_source": "pdf_text_layer",
      "digit_centroid": {
        "x": 9549.40283203125,
        "y": 568.2109375
      },
      "digit_bbox": {
        "x0": 9538.2685546875,
        "y0": 548.2525634765625,
        "x1": 9560.537109375,
        "y1": 588.1693115234375
      },
      "status": "active",
      "center": {
        "x": 9549.521332347753,
        "y": 569.8575690177246
      },
      "triangle": {
        "apex": {
          "x": 9549.354972574929,
          "y": 520.8062275609864
        },
        "left_base": {
          "x": 9506.982443855339,
          "y": 594.3832397460938
        },
        "right_base": {
          "x": 9592.226580612993,
          "y": 594.3832397460938
        }
      },
      "side_length_px": 85.03095941686719,
      "score": 0.9949138991389913,
      "geometry_score": 0.8749138991389913,
      "side_support": 0.8214285714285714,
      "base_support": 0.9166666666666666,
      "interior_ink_ratio": 0.026752767527675275,
      "base_segment_overlap": 0.7185474034318297
    }
  ],
  "active_deltas": [
    {
      "digit": "1",
      "digit_source": "pdf_text_layer",
      "digit_centroid": {
        "x": 7988.900390625,
        "y": 4059.9681396484375
      },
      "digit_bbox": {
        "x0": 7977.76611328125,
        "y0": 4040.009765625,
        "x1": 8000.03466796875,
        "y1": 4079.926513671875
      },
      "status": "active",
      "center": {
        "x": 7992.047944259742,
        "y": 4059.5156791935538
      },
      "triangle": {
        "apex": {
          "x": 7991.93954381834,
          "y": 4017.661051252536
        },
        "left_base": {
          "x": 7955.923224696283,
          "y": 4080.4429931640625
        },
        "right_base": {
          "x": 8028.281064264599,
          "y": 4080.4429931640625
        }
      },
      "side_length_px": 72.46037755115466,
      "score": 1.061687898089172,
      "geometry_score": 0.941687898089172,
      "side_support": 0.9642857142857143,