{
  "image_path": "F:\\Desktop\\m\\projects\\drawing_revision\\CloudHammer\\outputs\\audit\\denoise\\Revision_1_-_Drawing_Changes_6cbee960_p0043_denoise_2.png",
  "pdf_path": "F:\\Desktop\\m\\projects\\drawing_revision\\revision_sets\\Revision #1 - Drawing Changes\\Revision #1 - Drawing Changes.pdf",
  "page_index": 43,
  "target_digit": null,
  "pdf_digit_words_count": 51,
  "canonical_side_px": 120.0,
  "summary": {
    "total_detections": 1,
    "active_count": 1,
    "historical_count": 0,
    "geometry_only_count": 0,
    "by_digit": {
      "1": 1
    },
    "by_digit_source": {
      "pdf_text_layer": 1
    }
  },
  "all_deltas": [
    {
      "digit": "1",
      "digit_source": "pdf_text_layer",
      "digit_centroid": {
        "x": 10557.08544921875,
        "y": 2391.9716796875
      },
      "digit_bbox": {
        "x0": 10545.99609375,
        "y0": 2371.9970703125,
        "x1": 10568.1748046875,
        "y1": 2411.9462890625
      },
      "status": "active",
      "center": {
        "x": 10558.996757688588,
        "y": 2389.727214399962
      },
      "triangle": {
        "apex": {
          "x": 10556.769486914374,
          "y": 2343.457033824886
        },
        "left_base": {
          "x": 10523.55368875461,
          "y": 2412.8623046875
        },
        "right_base": {
          "x": 10596.667097396781,
          "y": 2412.8623046875
        }
      },
      "side_length_px": 78.49984265602679,
      "score": 0.9312206572769953,
      "geometry_score": 0.8112206572769953,
      "side_support": 0.6785714285714286,
      "base_support": 0.875,
      "interior_ink_ratio": 0.018779342723004695,
      "base_segment_overlap": 0.8206562609623919
    }
  ],
  "active_deltas": [
    {
      "digit": "1",
      "digit_source": "pdf_text_layer",
      "digit_centroid": {
        "x": 10557.08544921875,
        "y": 2391.9716796875
      },
      "digit_bbox": {
        "x0": 10545.99609375,
        "y0": 2371.9970703125,
        "x1": 10568.1748046875,
        "y1": 2411.9462890625
      },
      "status": "active",
      "center": {
        "x": 10558.996757688588,
        "y": 2389.727214399962
      },
      "triangle": {
        "apex": {
          "x": 10556.769486914374,
          "y": 2343.457033824886
        },
        "left_base": {
          "x": 10523.55368875461,
          "y": 2412.8623046875
        },
        "right_base": {
          "x": 10596.667097396781,
          "y": 2412.8623046875
        }
      },
      "side_length_px": 78.49984265602679,
      "score": 0.9312206572769953,
      "geometry_score": 0.8112206572769953,
      "side_support": 0.6785714285714286,
      "base_support": 0.875,
      "interior_ink_ratio": 0.018779342723004695,
      "base_segment_overlap": 0.8206562609623919
    }
  ],
  "historical_deltas": [],
  "geometry_only_deltas": []
}