{
  "image_path": "F:\\Desktop\\m\\projects\\drawing_revision\\CloudHammer\\outputs\\audit\\denoise\\Revision_1_-_Drawing_Changes_6cbee960_p0015_denoise_2.png",
  "pdf_path": "F:\\Desktop\\m\\projects\\drawing_revision\\revision_sets\\Revision #1 - Drawing Changes\\Revision #1 - Drawing Changes.pdf",
  "page_index": 15,
  "target_digit": null,
  "pdf_digit_words_count": 95,
  "canonical_side_px": 120.0,
  "summary": {
    "total_detections": 2,
    "active_count": 2,
    "historical_count": 0,
    "geometry_only_count": 0,
    "by_digit": {
      "1": 2
    },
    "by_digit_source": {
      "pdf_text_layer": 2
    }
  },
  "all_deltas": [
    {
      "digit": "1",
      "digit_source": "pdf_text_layer",
      "digit_centroid": {
        "x": 6674.702392578125,
        "y": 5860.9296875
      },
      "digit_bbox": {
        "x0": 6665.4970703125,
        "y0": 5840.89892578125,
        "x1": 6683.90771484375,
        "y1": 5880.96044921875
      },
      "status": "active",
      "center": {
        "x": 6675.625,
        "y": 5857.074956749013
      },
      "triangle": {
        "apex": {
          "x": 6675.625,
          "y": 5787.792924446258
        },
        "left_base": {
          "x": 6615.625,
          "y": 5891.715972900391
        },
        "right_base": {
          "x": 6735.625,
          "y": 5891.715972900391
        }
      },
      "side_length_px": 120.0,
      "score": 1.1156627342123526,
      "geometry_score": 0.9956627342123526,
      "side_support": 1.0,
      "base_support": 1.0,
      "interior_ink_ratio": 0.004770992366412214,
      "base_segment_overlap": 1.0
    },
    {
      "digit": "1",
      "digit_source": "pdf_text_layer",
      "digit_centroid": {
        "x": 6671.96044921875,
        "y": 3398.077880859375
      },
      "digit_bbox": {
        "x0": 6662.9970703125,
        "y0": 3378.3125,
        "x1": 6680.923828125,
        "y1": 3417.84326171875
      },
      "status": "active",
      "center": {
        "x": 6671.480673807883,
        "y": 3375.3088703241847
      },
      "triangle": {
        "apex": {
          "x": 6671.3921978449525,
          "y": 3318.2934322616156
        },
        "left_base": {
          "x": 6622.1558474446365,
          "y": 3403.8165893554688
        },
        "right_base": {
          "x": 6720.893976134059,
          "y": 3403.8165893554688
        }
      },
      "side_length_px": 98.74982594596554,
      "score": 0.8928803716608594,
      "geometry_score": 0.7728803716608594,
      "side_support": 0.9642857142857143,
      "base_support": 0.7083333333333334,
      "interior_ink_ratio": 0.010452961672473868,
      "base_segment_overlap": 0.0
    }
  ],
  "active_deltas": [
    {
      "digit": "1",
      "digit_source": "pdf_text_layer",
      "digit_centroid": {
        "x": 6674.702392578125,
        "y": 5860.9296875
      },
      "digit_bbox": {
        "x0": 6665.4970703125,
        "y0": 5840.89892578125,
        "x1": 6683.90771484375,
        "y1": 5880.96044921875
      },
      "status": "active",
      "center": {
        "x": 6675.625,
        "y": 5857.074956749013
      },
      "triangle": {
        "apex": {
          "x": 6675.625,
          "y": 5787.792924446258
        },
        "left_base": {
          "x": 6615.625,
          "y": 5891.715972900391
        },
        "right_base": {
          "x": 6735.625,
          "y": 5891.715972900391
        }
      },
      "side_length_px": 120.0,
      "score": 1.1156627342123526,
      "geometry_score": 0.9956627342123526,
      "side_support": 1.0,
      "base_support": 1.0,
      "interior_ink_ratio": 0.004770992366412214,
      "base_segment_overlap": 1.0
    },
    {
      "digit": "1",
      "digit_source": "pdf_text_layer",
      "digit_centroid": {
        "x": 6671.96044921875,
        "y": 3398.077880859375
      },
      "digit_bbox": {
        "x0": 6662.9970703125,
        "y0": 3378.3125,
        "x1": 6680.923828125,
        "y1": 3417.84326171875
      },
      "status": "active",
      "center": {
        "x": 6671.480673807883,
        "y": 3375.3088703241847
      },
      "triangle": {
        "apex": {
          "x": 6671.3921978449525,
          "y": 3318.2934322616156
        },
        "left_base": {
          "x": 6622.1558474446365,
          "y": 3403.8165893554688
        },
        "right_base": {
          "x": 6720.893976134059,
          "y": 3403.8165893554688
        }
      },
      "side_length_px": 98.74982594596554,
      "score": 0.8928803716608594,
      "geometry_score": 0.7728803716608594,
      "side_support": 0.9642857142857143,
      "base_support": 0.7083333333333334,
      "interior_ink_ratio": 0.010452961672473868,
      "base_segment_overlap": 0.0
    }
  ],
  "historical_deltas": [],
  "geometry_only_deltas": []
}