{
  "model": "grouped_from:F:\\Desktop\\m\\projects\\kevision\\CloudHammer\\runs\\fullpage_eval_broad_deduped_20260428\\outputs\\detections\\Revision Set #7.json",
  "pages": [
    {
      "detections": [
        {
          "bbox_page": [
            9268.532729492188,
            7188.658828125,
            2396.278779296874,
            488.93417480468815
          ],
          "confidence": 0.9107301831245422,
          "crop_path": null,
          "metadata": {
            "fill_ratio": 0.30118670233897904,
            "group_area": 1171622.5875575026,
            "member_area_sum": 352877.14353230596,
            "member_boxes_page": [
              [
                9792.80029296875,
                7365.1697998046875,
                11048.023193359375,
                7504.7703857421875
              ],
              [
                9433.793334960938,
                7353.91943359375,
                9975.84912109375,
                7510.53564453125
              ],
              [
                10897.9072265625,
                7358.1671142578125,
                11499.550903320312,
                7512.3323974609375
              ]
            ],
            "member_confidences": [
              0.9107301831245422,
              0.7945252656936646,
              0.7055011987686157
            ],
            "member_count": 3,
            "member_indexes": [
              1,
              2,
              3
            ]
          },
          "source_mode": "fragment_group"
        }
      ],
      "page": 3,
      "pdf": "F:\\Desktop\\m\\projects\\kevision\\revision_sets\\Revision #7 - RFI 141 - Deteriorated Attic Wood\\Revision Set #7.pdf",
      "render_path": "F:\\Desktop\\m\\projects\\kevision\\CloudHammer\\data\\rasterized_pages\\Revision_Set_7_37f6066a_p0002.png"
    },
    {
      "detections": [
        {
          "bbox_page": [
            6424.02001953125,
            2648.6474609375,
            5383.091552734375,
            4980.267028808594
          ],
          "confidence": 0.974648118019104,
          "crop_path": null,
          "metadata": {
            "fill_ratio": 0.3089789538482537,
            "group_area": 26809233.373141065,
            "member_area_sum": 8283488.881106816,
            "member_boxes_page": [
              [
                9799.798461914062,
                4367.401062011719,
                10715.303100585938,
                5081.1124267578125
              ],
              [
                9392.574951171875,
                6528.0,
                9981.935791015625,
                7278.914489746094
              ],
              [
                7140.3511962890625,
                4352.083190917969,
                7800.6640625,
                5081.137512207031
              ],
              [
                7144.873291015625,
                2998.6474609375,
                7805.55615234375,
                3455.501953125
              ],
              [
                10881.065063476562,
                6530.314208984375,
                11452.984191894531,
                7268.969970703125
              ],
              [
                9792.0,
                6528.0,
                11009.83935546875,
                7277.215759277344
              ],
              [
                9392.748901367188,
                5098.801513671875,
                9982.590087890625,
                5632.0
              ],
              [
                10882.820495605469,
                5096.5277099609375,
                11455.03369140625,
                5629.8560791015625
              ],
              [
                11320.941177368164,
                5115.370361328125,
                11457.111572265625,
                5632.0
              ],
              [
                6774.02001953125,
                5403.375732421875,
                7803.85302734375,
                5618.325927734375
              ],
              [
                11320.457168579102,
                6530.893615722656,
                11455.642440795898,
                7247.781982421875
              ],
              [
                9792.0,
                3006.4573364257812,
                10697.776611328125,
                3452.557861328125
              ],
              [
                7616.0,
                5401.7391357421875,
                8841.215087890625,
                5625.2076416015625
              ],
              [
                9396.914672851562,
                5440.8966064453125,
                9984.0,
                6475.1854248046875
              ],
              [
                9792.0,
                3276.5194091796875,
                10704.392822265625,
                4423.7333984375
              ],
              [
                10880.0,
                5440.0,
                11451.65380859375,
                6599.39453125
              ],
              [
                11322.652877807617,
                5440.0,
                11450.27182006836,
                6586.677001953125
              ],
              [
                7134.1265869140625,
                3274.12890625,
                7801.5089111328125,
                4456.5025634765625
              ],
              [
                8706.645652770996,
                5440.0,
                8821.332443237305,
                6583.175048828125
              ]
            ],
            "member_confidences": [
              0.974648118019104,
              0.9546297192573547,
              0.9473516941070557,
              0.9304400086402893,
              0.9303250312805176,
              0.9199475646018982,
              0.887517511844635,
              0.8854939341545105,
              0.8759059906005859,
              0.8547301292419434,
              0.8421647548675537,
              0.8278202414512634,
              0.7816945314407349,
              0.7713972926139832,
              0.7295375466346741,
              0.6721919775009155,
              0.6358532905578613,
              0.6098902821540833,
              0.5330528020858765
            ],
            "member_count": 19,
            "member_indexes": [
              1,
              2,
              3,
              4,
              5,
              6,
              7,
              8,
              9,
              10,
              11,
              12,
              13,
              14,
              15,
              16,
              17,
              18,
              19
            ]
          },
          "source_mode": "fragment_group"
        }
      ],
      "page": 4,
      "pdf": "F:\\Desktop\\m\\projects\\kevision\\revision_sets\\Revision #7 - RFI 141 - Deteriorated Attic Wood\\Revision Set #7.pdf",
      "render_path": "F:\\Desktop\\m\\projects\\kevision\\CloudHammer\\data\\rasterized_pages\\Revision_Set_7_37f6066a_p0003.png"
    }
  ],
  "schema": "cloudhammer.detections.v1"
}