{
  "model": "grouped_from:CloudHammer_v2\\outputs\\baseline_model_only_tiled_page_disjoint_real_20260502\\detections\\260303-VA Biloxi Rev 5 RFI-126.json",
  "pages": [
    {
      "detections": [
        {
          "bbox_page": [
            9474.190693359375,
            5992.35548828125,
            2953.6348486328134,
            1679.0990209960946
          ],
          "confidence": 0.8823752999305725,
          "crop_path": null,
          "metadata": {
            "fill_ratio": 0.40209886526153943,
            "group_area": 4959445.382719305,
            "member_area_sum": 1994187.3607180137,
            "member_boxes_page": [
              [
                11326.068176269531,
                6203.555419921875,
                12210.232788085938,
                6720.0
              ],
              [
                11329.535217285156,
                7242.041076660156,
                12224.126586914062,
                7467.755554199219
              ],
              [
                9677.8896484375,
                7241.081115722656,
                9984.0,
                7466.709167480469
              ],
              [
                11320.884216308594,
                6529.845520019531,
                12203.205200195312,
                6761.364288330078
              ],
              [
                9815.02099609375,
                7249.236083984375,
                11053.755126953125,
                7464.325927734375
              ],
              [
                10020.76318359375,
                6535.1053466796875,
                11071.380615234375,
                6758.679260253906
              ],
              [
                9987.488891601562,
                6196.054443359375,
                11065.191040039062,
                6716.580810546875
              ]
            ],
            "member_confidences": [
              0.8823752999305725,
              0.8745058178901672,
              0.8517323732376099,
              0.8374751806259155,
              0.7601432800292969,
              0.7256891131401062,
              0.7236024737358093
            ],
            "member_count": 7,
            "member_indexes": [
              3,
              4,
              5,
              6,
              8,
              9,
              10
            ]
          },
          "source_mode": "fragment_group"
        },
        {
          "bbox_page": [
            7125.328959960938,
            2566.8963427734375,
            664.2461328124991,
            404.6515893554688
          ],
          "confidence": 0.9250746369361877,
          "crop_path": null,
          "metadata": {
            "fill_ratio": 0.7907372864818148,
            "group_area": 268788.2533658016,
            "member_area_sum": 212540.8941046605,
            "member_boxes_page": [
              [
                7171.1390380859375,
                2621.3754272460938,
                7743.7650146484375,
                2925.7378540039062
              ],
              [
                7616.0,
                2612.7064208984375,
                7742.615531921387,
                2914.842041015625
              ]
            ],
            "member_confidences": [
              0.9250746369361877,
              0.764075756072998
            ],
            "member_count": 2,
            "member_indexes": [
              1,
              7
            ]
          },
          "source_mode": "fragment_group"
        },
        {
          "bbox_page": [
            4324.51013671875,
            2586.0681811523436,
            398.6030175781252,
            337.9340722656252
          ],
          "confidence": 0.9145504832267761,
          "crop_path": null,
          "metadata": {
            "fill_ratio": 0.721815821806711,
            "group_area": 134701.54094754244,
            "member_area_sum": 97229.70347768068,
            "member_boxes_page": [
              [
                4352.0,
                2613.5580444335938,
                4695.623291015625,
                2896.5123901367188
              ]
            ],
            "member_confidences": [
              0.9145504832267761
            ],
            "member_count": 1,
            "member_indexes": [
              2
            ]
          },
          "source_mode": "fragment_group"
        }
      ],
      "page": 8,
      "pdf": "F:\\Desktop\\m\\projects\\scopeLedger\\revision_sets\\Revision #5 - RFI 126 - Concrete Repairs\\260303-VA Biloxi Rev 5 RFI-126.pdf",
      "render_path": "F:\\Desktop\\m\\projects\\scopeLedger\\CloudHammer\\data\\rasterized_pages\\260303-VA_Biloxi_Rev_5_RFI-126_56f520d9_p0007.png"
    }
  ],
  "schema": "cloudhammer.detections.v1"
}