{
  "model": "grouped_from:CloudHammer_v2\\outputs\\baseline_model_only_tiled_page_disjoint_real_20260502\\detections\\Revision #1 - Drawing Changes.json",
  "pages": [
    {
      "detections": [
        {
          "bbox_page": [
            2438.3766943359374,
            3617.8952185058592,
            1162.8357836914065,
            622.8289172363279
          ],
          "confidence": 0.8416493535041809,
          "crop_path": null,
          "metadata": {
            "fill_ratio": 0.6199251573525253,
            "group_area": 724247.7520801756,
            "member_area_sum": 448979.40167051554,
            "member_boxes_page": [
              [
                3264.0,
                3706.749267578125,
                3521.0169067382812,
                4160.528564453125
              ],
              [
                2518.572265625,
                3698.090789794922,
                3442.90625,
                4057.6474609375
              ]
            ],
            "member_confidences": [
              0.8416493535041809,
              0.8310801386833191
            ],
            "member_count": 2,
            "member_indexes": [
              1,
              2
            ]
          },
          "source_mode": "fragment_group"
        }
      ],
      "page": 4,
      "pdf": "F:\\Desktop\\m\\projects\\scopeLedger\\revision_sets\\Revision #1 - Drawing Changes\\Revision #1 - Drawing Changes.pdf",
      "render_path": "F:\\Desktop\\m\\projects\\scopeLedger\\CloudHammer\\data\\rasterized_pages\\Revision_1_-_Drawing_Changes_6cbee960_p0003.png"
    },
    {
      "detections": [
        {
          "bbox_page": [
            10840.864013671875,
            4993.461730957031,
            227.103515625,
            165.6817626953125
          ],
          "confidence": 0.8389901518821716,
          "crop_path": null,
          "metadata": {
            "fill_ratio": 0.5444945237509285,
            "group_area": 37626.910783052444,
            "member_area_sum": 20487.64686703682,
            "member_boxes_page": [
              [
                10865.864013671875,
                5018.461730957031,
                11042.967529296875,
                5134.143493652344
              ]
            ],
            "member_confidences": [
              0.8389901518821716
            ],
            "member_count": 1,
            "member_indexes": [
              1
            ]
          },
          "source_mode": "fragment_group"
        },
        {
          "bbox_page": [
            10837.348388671875,
            3235.514892578125,
            208.85888671875,
            151.060791015625
          ],
          "confidence": 0.8028002381324768,
          "crop_path": null,
          "metadata": {
            "fill_ratio": 0.5088496669778013,
            "group_area": 31550.38863837719,
            "member_area_sum": 16054.40475165844,
            "member_boxes_page": [
              [
                10862.348388671875,
                3260.514892578125,
                11021.207275390625,
                3361.57568359375
              ]
            ],
            "member_confidences": [
              0.8028002381324768
            ],
            "member_count": 1,
            "member_indexes": [
              2
            ]
          },
          "source_mode": "fragment_group"
        }
      ],
      "page": 33,
      "pdf": "F:\\Desktop\\m\\projects\\scopeLedger\\revision_sets\\Revision #1 - Drawing Changes\\Revision #1 - Drawing Changes.pdf",
      "render_path": "F:\\Desktop\\m\\projects\\scopeLedger\\CloudHammer\\data\\rasterized_pages\\Revision_1_-_Drawing_Changes_6cbee960_p0032.png"
    },
    {
      "detections": [
        {
          "bbox_page": [
            10782.070190429688,
            4978.9266357421875,
            202.25881958007812,
            147.810302734375
          ],
          "confidence": 0.797623336315155,
          "crop_path": null,
          "metadata": {
            "fill_ratio": 0.7395706426116374,
            "group_area": 29895.93735282868,
            "member_area_sum": 22110.157599508762,
            "member_boxes_page": [
              [
                10807.070190429688,
                5003.9266357421875,
                10957.706665039062,
                5101.7369384765625
              ],
              [
                10880.0,
                5006.4122314453125,
                10959.329010009766,
                5099.3966064453125
              ]
            ],
            "member_confidences": [
              0.797623336315155,
              0.6618404388427734
            ],
            "member_count": 2,
            "member_indexes": [
              1,
              3
            ]
          },
          "source_mode": "fragment_group"
        },
        {
          "bbox_page": [
            10742.968017578125,
            3172.927490234375,
            202.476318359375,
            150.5517578125
          ],
          "confidence": 0.7635098099708557,
          "crop_path": null,
          "metadata": {
            "fill_ratio": 0.5029583218049544,
            "group_area": 30483.165644407272,
            "member_area_sum": 15331.761835813522,
            "member_boxes_page": [
              [
                10767.968017578125,
                3197.927490234375,
                10920.4443359375,
                3298.479248046875
              ]
            ],
            "member_confidences": [
              0.7635098099708557
            ],
            "member_count": 1,
            "member_indexes": [
              2
            ]
          },
          "source_mode": "fragment_group"
        }
      ],
      "page": 34,
      "pdf": "F:\\Desktop\\m\\projects\\scopeLedger\\revision_sets\\Revision #1 - Drawing Changes\\Revision #1 - Drawing Changes.pdf",
      "render_path": "F:\\Desktop\\m\\projects\\scopeLedger\\CloudHammer\\data\\rasterized_pages\\Revision_1_-_Drawing_Changes_6cbee960_p0033.png"
    },
    {
      "detections": [
        {
          "bbox_page": [
            10868.324340820312,
            3233.8531494140625,
            235.45053100585938,
            170.3974609375
          ],
          "confidence": 0.8414126634597778,
          "crop_path": null,
          "metadata": {
            "fill_ratio": 0.5565223572678535,
            "group_area": 40120.172659784555,
            "member_area_sum": 22327.773062616587,
            "member_boxes_page": [
              [
                10893.324340820312,
                3258.8531494140625,
                11078.774871826172,
                3379.2506103515625
              ]
            ],
            "member_confidences": [
              0.8414126634597778
            ],
            "member_count": 1,
            "member_indexes": [
              1
            ]
          },
          "source_mode": "fragment_group"
        },
        {
          "bbox_page": [
            11012.823822021484,
            4741.107971191406,
            213.85858154296875,
            161.73773193359375
          ],
          "confidence": 0.8163369297981262,
          "crop_path": null,
          "metadata": {
            "fill_ratio": 0.5293354892048152,
            "group_area": 34589.00193329528,
            "member_area_sum": 18309.186259467155,
            "member_boxes_page": [
              [
                11037.823822021484,
                4766.107971191406,
                11201.682403564453,
                4877.845703125
              ]
            ],
            "member_confidences": [
              0.8163369297981262
            ],
            "member_count": 1,
            "member_indexes": [
              2
            ]
          },
          "source_mode": "fragment_group"
        }
      ],
      "page": 35,
      "pdf": "F:\\Desktop\\m\\projects\\scopeLedger\\revision_sets\\Revision #1 - Drawing Changes\\Revision #1 - Drawing Changes.pdf",