{
  "model": "grouped_from:runs\\fullpage_all_broad_deduped_20260428\\outputs\\detections\\260219 - VA Biloxi Rev 4_Plumbing 1.json",
  "pages": [
    {
      "detections": [
        {
          "bbox_page": [
            6103.3066796875,
            5433.375100097656,
            466.0526562499999,
            201.4536267089843
          ],
          "confidence": 0.9063869118690491,
          "crop_path": null,
          "metadata": {
            "fill_ratio": 0.5869858708404753,
            "group_area": 93887.99783891806,
            "member_area_sum": 55110.928172945976,
            "member_boxes_page": [
              [
                6135.4482421875,
                5465.516662597656,
                6537.2177734375,
                5602.687164306641
              ]
            ],
            "member_confidences": [
              0.9063869118690491
            ],
            "member_count": 1,
            "member_indexes": [
              1
            ]
          },
          "source_mode": "fragment_group"
        }
      ],
      "page": 1,
      "pdf": "F:\\Desktop\\m\\projects\\kevision\\revision_sets\\Revision #4 - Dental Air\\260219 - VA Biloxi Rev 4_Plumbing 1.pdf",
      "render_path": "F:\\Desktop\\m\\projects\\kevision\\CloudHammer\\data\\rasterized_pages\\260219_-_VA_Biloxi_Rev_4_Plumbing_1_bed93137_p0000.png"
    },
    {
      "detections": [
        {
          "bbox_page": [
            1749.5711157226563,
            2637.724619140625,
            2408.6194262695317,
            1015.1807666015629
          ],
          "confidence": 0.9173979759216309,
          "crop_path": null,
          "metadata": {
            "fill_ratio": 0.08255961917793178,
            "group_area": 2445184.11561172,
            "member_area_sum": 201873.46940483153,
            "member_boxes_page": [
              [
                3733.874267578125,
                2827.7039794921875,
                3992.078857421875,
                2960.8819580078125
              ],
              [
                2745.2493896484375,
                2809.97802734375,
                3003.1834716796875,
                2944.3818359375
              ],
              [
                3264.6971130371094,
                2829.5760498046875,
                3521.0118408203125,
                2965.2008056640625
              ],
              [
                2313.499298095703,
                2803.8363037109375,
                2571.377899169922,
                2937.113037109375
              ],
              [
                1915.6828002929688,
                3315.051513671875,
                2089.2886352539062,
                3486.793701171875
              ],
              [
                1954.6788330078125,
                3165.7927856445312,
                2214.7371826171875,
                3296.039306640625
              ]
            ],
            "member_confidences": [
              0.9173979759216309,
              0.913435697555542,
              0.8922878503799438,
              0.8753322958946228,
              0.8663651943206787,
              0.8648161888122559
            ],
            "member_count": 6,
            "member_indexes": [
              1,
              2,
              8,
              10,
              11,
              12
            ]
          },
          "source_mode": "fragment_group"
        },
        {
          "bbox_page": [
            898.3650219726562,
            3206.1150219726565,
            863.113583984375,
            1469.462674560547
          ],
          "confidence": 0.9121584892272949,
          "crop_path": null,
          "metadata": {
            "fill_ratio": 0.09593412550341139,
            "group_area": 1268313.195571219,
            "member_area_sum": 121674.51728156209,
            "member_boxes_page": [
              [
                999.707275390625,
                4234.288513183594,
                1175.548828125,
                4345.85498046875
              ],
              [
                1011.59033203125,
                4464.233917236328,
                1185.43798828125,
                4574.235443115234
              ],
              [
                1041.053955078125,
                3990.06591796875,
                1215.531982421875,
                4102.028564453125
              ],
              [
                1040.5050048828125,
                3587.3860473632812,
                1215.2108154296875,
                3699.0814208984375
              ],
              [
                1452.0078125,
                3307.457275390625,
                1660.1363525390625,
                3412.598388671875
              ],
              [
                1428.5196533203125,
                3663.2347106933594,
                1635.3300170898438,
                3769.6184997558594
              ]
            ],
            "member_confidences": [
              0.9121584892272949,
              0.9097486138343811,
              0.909547746181488,
              0.9070909023284912,
              0.8947174549102783,
              0.8756428956985474
            ],
            "member_count": 6,
            "member_indexes": [
              3,
              4,
              5,
              6,
              7,
              9
            ]
          },
          "source_mode": "fragment_group"
        },
        {
          "bbox_page": [
            546.0771484375,
            4547.0782470703125,
            219.440185546875,
            265.2982482910156
          ],
          "confidence": 0.8201983571052551,
          "crop_path": null,
          "metadata": {
            "fill_ratio": 0.8714430558479834,
            "group_area": 58217.09683024138,
            "member_area_sum": 50732.8847643435,
            "member_boxes_page": [
              [
                572.7142333984375,
                4572.0782470703125,
                738.8138427734375,
                4744.893859863281
              ],
              [
                571.0771484375,
                4657.370269775391,
                740.517333984375,
                4787.376495361328
              ]
            ],
            "member_confidences": [
              0.8201983571052551,
              0.5963135361671448
            ],
            "member_count": 2,
            "member_indexes": [
              13,
              14
            ]
          },
          "source_mode": "fragment_group"
        }
      ],
      "page": 2,
      "pdf": "F:\\Desktop\\m\\projects\\kevision\\revision_sets\\Revision #4 - Dental Air\\260219 - VA Biloxi Rev 4_Plumbing 1.pdf",
      "render_path": "F:\\Desktop\\m\\projects\\kevision\\CloudHammer\\data\\rasterized_pages\\260219_-_VA_Biloxi_Rev_4_Plumbing_1_bed93137_p0001.png"
    },
    {
      "detections": [
        {
          "bbox_page": [
            1677.272705078125,
            3824.8028564453125,
            291.237060546875,
            212.207763671875
          ],
          "confidence": 0.913788914680481,
          "crop_path": null,
          "metadata": {
            "fill_ratio": 0.6331516705662245,
            "group_area": 61802.7653170228,
            "member_area_sum": 39130.5241060853,
            "member_boxes_page": [
              [
                1702.272705078125,
                3849.8028564453125,
                1943.509765625,
                4012.0106201171875
              ]
            ],
            "member_confidences": [
              0.913788914680481
            ],
            "member_count": 1,
            "member_indexes": [
              1
            ]
          },
          "source_mode": "fragment_group"
        }
      ],
      "page": 3,
      "pdf": "F:\\Desktop\\m\\projects\\kevision\\revision_sets\\Revision #4 - Dental Air\\260219 - VA Biloxi Rev 4_Plumbing 1.pdf",