{
  "active_deltas": [
    {
      "base_support": 1.0,
      "center": {
        "x": 4011.3762935114264,
        "y": 1434.1133952172702
      },
      "digit": "4",
      "geometry_score": 0.9878277153558052,
      "interior_ink_ratio": 0.012172284644194757,
      "score": 1.1078277153558052,
      "side_support": 1.0,
      "status": "active",
      "triangle": {
        "apex": {
          "x": 4011.382247042081,
          "y": 1387.5102295971228
        },
        "left_base": {
          "x": 3971.1242668076216,
          "y": 1457.4149780273438
        },
        "right_base": {
          "x": 4051.622366684576,
          "y": 1457.4149780273438
        }
      }
    },
    {
      "base_support": 1.0,
      "center": {
        "x": 6216.443344116211,
        "y": 2126.033440736399
      },
      "digit": "4",
      "geometry_score": 0.9831167452605378,
      "interior_ink_ratio": 0.015841584158415842,
      "score": 1.1031167452605377,
      "side_support": 1.0,
      "status": "active",
      "triangle": {
        "apex": {
          "x": 6216.443344116211,
          "y": 2080.3438524826347
        },
        "left_base": {
          "x": 6176.875,
          "y": 2148.8782348632812
        },
        "right_base": {
          "x": 6256.011688232422,
          "y": 2148.8782348632812
        }
      }
    },
    {
      "base_support": 1.0,
      "center": {
        "x": 5022.738420327468,
        "y": 1421.7592843168984
      },
      "digit": "4",
      "geometry_score": 0.9826756496631376,
      "interior_ink_ratio": 0.017324350336862367,
      "score": 1.1026756496631376,
      "side_support": 1.0,
      "status": "active",
      "triangle": {
        "apex": {
          "x": 5022.814737072986,
          "y": 1375.5025843960073
        },
        "left_base": {
          "x": 4982.712734730284,
          "y": 1444.8876342773438
        },
        "right_base": {
          "x": 5062.687789179134,
          "y": 1444.8876342773438
        }
      }
    },
    {
      "base_support": 1.0,
      "center": {
        "x": 2515.4661428812383,
        "y": 1434.2635133723745
      },
      "digit": "4",
      "geometry_score": 0.9614201500535906,
      "interior_ink_ratio": 0.023579849946409433,
      "score": 1.0814201500535905,
      "side_support": 0.9642857142857143,
      "status": "active",
      "triangle": {
        "apex": {
          "x": 2516.9315128628027,
          "y": 1387.966687578061
        },
        "left_base": {
          "x": 2477.094504864182,
          "y": 1457.4119262695312
        },
        "right_base": {
          "x": 2552.3724109167306,
          "y": 1457.4119262695312
        }
      }
    },
    {
      "base_support": 0.9166666666666666,
      "center": {
        "x": 2420.8542999339725,
        "y": 1850.261499757641
      },
      "digit": "4",
      "geometry_score": 0.9397488584474886,
      "interior_ink_ratio": 0.021917808219178082,
      "score": 1.0597488584474886,
      "side_support": 0.9642857142857143,
      "status": "active",
      "triangle": {
        "apex": {
          "x": 2420.887647274963,
          "y": 1803.9577170463608
        },
        "left_base": {
          "x": 2380.606735321597,
          "y": 1873.4133911132812
        },
        "right_base": {
          "x": 2461.0685172053572,
          "y": 1873.4133911132812
        }
      }
    },
    {
      "base_support": 0.9583333333333334,
      "center": {
        "x": 5024.407852304682,
        "y": 1291.2245870999147
      },
      "digit": "4",
      "geometry_score": 0.9124603174603175,
      "interior_ink_ratio": 0.015873015873015872,
      "score": 1.0324603174603175,
      "side_support": 0.8571428571428571,
      "status": "active",
      "triangle": {
        "apex": {
          "x": 5022.777555549525,
          "y": 1244.9290713583382
        },
        "left_base": {
          "x": 4987.787075894848,
          "y": 1314.3723449707031
        },
        "right_base": {
          "x": 5062.658925469674,
          "y": 1314.3723449707031
        }
      }
    },
    {
      "base_support": 0.9166666666666666,
      "center": {
        "x": 7183.765628084645,
        "y": 2503.9085332164377
      },
      "digit": "4",
      "geometry_score": 0.9089665471923536,
      "interior_ink_ratio": 0.022700119474313024,
      "score": 1.0289665471923537,
      "side_support": 0.8928571428571429,
      "status": "active",
      "triangle": {
        "apex": {
          "x": 7183.808348374975,
          "y": 2457.39314115322
        },
        "left_base": {
          "x": 7148.414414762686,
          "y": 2527.166229248047
        },
        "right_base": {
          "x": 7219.074121116272,
          "y": 2527.166229248047
        }
      }
    },
    {
      "base_support": 0.9583333333333334,
      "center": {
        "x": 2294.473065747235,
        "y": 1597.7332079875262
      },
      "digit": "4",
      "geometry_score": 0.9033048919226394,
      "interior_ink_ratio": 0.02502844141069397,
      "score": 1.0233048919226393,
      "side_support": 0.8571428571428571,
      "status": "active",
      "triangle": {
        "apex": {
          "x": 2296.4330369412414,
          "y": 1551.4163598024227
        },
        "left_base": {
          "x": 2256.143594274513,
          "y": 1620.8916320800781
        },
        "right_base": {
          "x": 2330.842566025952,
          "y": 1620.8916320800781
        }
      }
    },
    {
      "base_support": 0.9166666666666666,
      "center": {
        "x": 6180.618260343537,
        "y": 1993.0401673698295
      },
      "digit": "4",
      "geometry_score": 0.9012345679012346,
      "interior_ink_ratio": 0.015432098765432098,
      "score": 1.0212345679012347,
      "side_support": 0.8571428571428571,
      "status": "active",
      "triangle": {
        "apex": {
          "x": 6178.8544903700595,
          "y": 1946.4327579688638
        },
        "left_base": {
          "x": 6143.902568976146,
          "y": 2016.3438720703125
        },
        "right_base": {
          "x": 6219.097721684408,
          "y": 2016.3438720703125
        }
      }
    },
    {
      "base_support": 0.9166666666666666,
      "center": {
        "x": 4770.278762238326,
        "y": 5344.1996063917795
      },
      "digit": "4",
      "geometry_score": 0.880672191528545,
      "interior_ink_ratio": 0.020994475138121547,
      "score": 1.000672191528545,
      "side_support": 0.8214285714285714,
      "status": "active",
      "triangle": {
        "apex": {
          "x": 4772.523888769403,
          "y": 5297.773623862839
        },
        "left_base": {
          "x": 4732.167680817223,
          "y": 5367.41259765625
        },
        "right_base": {
          "x": 4806.14471712835,
          "y": 5367.41259765625
        }
      }
    },
    {
      "base_support": 0.9166666666666666,
      "center": {
        "x": 3027.7190831753087,
        "y": 929.0739020243091
      },
      "digit": "4",
      "geometry_score": 0.880672191528545,
      "interior_ink_ratio": 0.020994475138121547,
      "score": 1.000672191528545,
      "side_support": 0.8214285714285714,
      "status": "active",
      "triangle": {
        "apex": {
          "x": 3029.943561284952,
          "y": 882.388637225271
        },
        "left_base": {
          "x": 2989.599000988377,
          "y": 952.4165344238281
        },
        "right_base": {
          "x": 3063.6146872525974,
          "y": 952.4165344238281
        }
      }
    },
    {
      "base_support": 0.9583333333333334,
      "center": {
        "x": 2876.4196142985147,
        "y": 1312.7342957555
      },
      "digit": "4",
      "geometry_score": 0.8767178612059159,
      "interior_ink_ratio": 0.02161547212741752,
      "score": 0.9967178612059159,
      "side_support": 0.7857142857142857,
      "status": "active",
      "triangle": {
        "apex": {
          "x": 2878.440163359732,
          "y": 1266.4394595321248
        },