{
  "active_deltas": [
    {
      "base_support": 1.0,
      "center": {
        "x": 928.3707769145068,
        "y": 4465.1172073586595
      },
      "digit": "4",
      "geometry_score": 0.9878277153558052,
      "interior_ink_ratio": 0.012172284644194757,
      "score": 1.1078277153558052,
      "side_support": 1.0,
      "status": "active",
      "triangle": {
        "apex": {
          "x": 928.3817820941571,
          "y": 4418.518370122854
        },
        "left_base": {
          "x": 888.1182855694029,
          "y": 4488.4166259765625
        },
        "right_base": {
          "x": 968.6122630799606,
          "y": 4488.4166259765625
        }
      }
    },
    {
      "base_support": 1.0,
      "center": {
        "x": 3918.5406494140625,
        "y": 2780.8572998046875
      },
      "digit": "4",
      "geometry_score": 0.9781990521327014,
      "interior_ink_ratio": 0.021800947867298578,
      "score": 1.0981990521327014,
      "side_support": 1.0,
      "status": "active",
      "triangle": {
        "apex": {
          "x": 3918.8192138671875,
          "y": 2736.5716552734375
        },
        "left_base": {
          "x": 3878.646240234375,
          "y": 2803.427001953125
        },
        "right_base": {
          "x": 3958.156494140625,
          "y": 2802.5732421875
        }
      }
    },
    {
      "base_support": 1.0,
      "center": {
        "x": 3440.4298502604165,
        "y": 2780.579793294271
      },
      "digit": "4",
      "geometry_score": 0.9778846153846154,
      "interior_ink_ratio": 0.022115384615384617,
      "score": 1.0978846153846153,
      "side_support": 1.0,
      "status": "active",
      "triangle": {
        "apex": {
          "x": 3440.43994140625,
          "y": 2736.3048095703125
        },
        "left_base": {
          "x": 3400.62890625,
          "y": 2802.601806640625
        },
        "right_base": {
          "x": 3480.220703125,
          "y": 2802.832763671875
        }
      }
    },
    {
      "base_support": 1.0,
      "center": {
        "x": 834.7282307942709,
        "y": 4581.635986328125
      },
      "digit": "4",
      "geometry_score": 0.9773622047244094,
      "interior_ink_ratio": 0.022637795275590553,
      "score": 1.0973622047244094,
      "side_support": 1.0,
      "status": "active",
      "triangle": {
        "apex": {
          "x": 834.7235717773438,
          "y": 4537.497802734375
        },
        "left_base": {
          "x": 795.1121215820312,
          "y": 4603.552734375
        },
        "right_base": {
          "x": 874.3489990234375,
          "y": 4603.857421875
        }
      }
    },
    {
      "base_support": 1.0,
      "center": {
        "x": 2613.52095413208,
        "y": 2726.7372205881443
      },
      "digit": "4",
      "geometry_score": 0.9767396782322156,
      "interior_ink_ratio": 0.0255863539445629,
      "score": 1.0967396782322156,
      "side_support": 1.0,
      "status": "active",
      "triangle": {
        "apex": {
          "x": 2613.52095413208,
          "y": 2682.450065084746
        },
        "left_base": {
          "x": 2575.167152404785,
          "y": 2748.8807983398438
        },
        "right_base": {
          "x": 2651.874755859375,
          "y": 2748.8807983398438
        }
      }
    },
    {
      "base_support": 1.0,
      "center": {
        "x": 834.9548950195312,
        "y": 4503.922526041667
      },
      "digit": "4",
      "geometry_score": 0.9766734279918864,
      "interior_ink_ratio": 0.02332657200811359,
      "score": 1.0966734279918864,
      "side_support": 1.0,
      "status": "active",
      "triangle": {
        "apex": {
          "x": 834.8796997070312,
          "y": 4460.55078125
        },
        "left_base": {
          "x": 795.4210815429688,
          "y": 4524.982421875
        },
        "right_base": {
          "x": 874.5639038085938,
          "y": 4526.234375
        }
      }
    },
    {
      "base_support": 1.0,
      "center": {
        "x": 1881.3436889648438,
        "y": 3092.9114990234375
      },
      "digit": "4",
      "geometry_score": 0.9766136576239476,
      "interior_ink_ratio": 0.023386342376052385,
      "score": 1.0966136576239476,
      "side_support": 1.0,
      "status": "active",
      "triangle": {
        "apex": {
          "x": 1881.3399047851562,
          "y": 3048.0128173828125
        },
        "left_base": {
          "x": 1841.172607421875,
          "y": 3115.416015625
        },
        "right_base": {
          "x": 1921.5185546875,
          "y": 3115.3056640625
        }
      }
    },
    {
      "base_support": 1.0,
      "center": {
        "x": 1003.7499389648438,
        "y": 4014.7236097483005
      },
      "digit": "4",
      "geometry_score": 0.9756589187677172,
      "interior_ink_ratio": 0.02598752598752599,
      "score": 1.0956589187677173,
      "side_support": 1.0,
      "status": "active",
      "triangle": {
        "apex": {
          "x": 1003.7499389648438,
          "y": 3970.436454244902
        },
        "left_base": {
          "x": 965.3961372375488,
          "y": 4036.8671875
        },
        "right_base": {
          "x": 1042.1037406921387,
          "y": 4036.8671875
        }
      }
    },
    {
      "base_support": 1.0,
      "center": {
        "x": 1003.7500915527344,
        "y": 3610.7084119943943
      },
      "digit": "4",
      "geometry_score": 0.9728264939549357,
      "interior_ink_ratio": 0.029106029106029108,
      "score": 1.0928264939549357,
      "side_support": 1.0,
      "status": "active",
      "triangle": {
        "apex": {
          "x": 1003.7500915527344,
          "y": 3566.421256490996
        },
        "left_base": {
          "x": 965.3962898254395,
          "y": 3632.8519897460938
        },
        "right_base": {
          "x": 1042.1038932800293,
          "y": 3632.8519897460938
        }
      }
    },
    {
      "base_support": 1.0,
      "center": {
        "x": 1713.3472900390625,
        "y": 3265.564656575521
      },
      "digit": "4",
      "geometry_score": 0.9701923076923077,
      "interior_ink_ratio": 0.02980769230769231,
      "score": 1.0901923076923077,
      "side_support": 1.0,
      "status": "active",
      "triangle": {
        "apex": {
          "x": 1713.318603515625,
          "y": 3221.3004150390625
        },
        "left_base": {
          "x": 1673.529296875,
          "y": 3287.832763671875
        },
        "right_base": {
          "x": 1753.1939697265625,
          "y": 3287.560791015625
        }
      }
    },
    {
      "base_support": 1.0,
      "center": {
        "x": 968.3196049043567,
        "y": 4261.679388838565
      },
      "digit": "4",
      "geometry_score": 0.9613948497854078,
      "interior_ink_ratio": 0.023605150214592276,
      "score": 1.0813948497854078,
      "side_support": 0.9642857142857143,
      "status": "active",
      "triangle": {
        "apex": {
          "x": 969.9336720462062,
          "y": 4215.280109875067
        },
        "left_base": {
          "x": 929.7148083044342,
          "y": 4284.8790283203125
        },
        "right_base": {
          "x": 1005.3103343624294,
          "y": 4284.8790283203125
        }
      }
    },
    {
      "base_support": 1.0,
      "center": {
        "x": 3067.685994466146,
        "y": 2765.7821451822915
      },
      "digit": "4",
      "geometry_score": 0.9605809128630705,
      "interior_ink_ratio": 0.03941908713692946,
      "score": 1.0805809128630703,
      "side_support": 1.0,
      "status": "active",
      "triangle": {
        "apex": {
          "x": 3067.5223388671875,
          "y": 2724.33837890625
        },
        "left_base": {
          "x": 3028.043701171875,
          "y": 2786.2919921875
        },
        "right_base": {
          "x": 3107.491943359375,
          "y": 2786.716064453125
        }
      }
    },
    {
      "base_support": 1.0,
      "center": {
        "x": 1891.8319672561745,