{
  "active_deltas": [
    {
      "base_support": 0.9583333333333334,
      "center": {
        "x": 4626.191469976275,
        "y": 3016.4979024179206
      },
      "digit": "1",
      "geometry_score": 0.9044568550153308,
      "interior_ink_ratio": 0.05387647831800263,
      "score": 1.0244568550153308,
      "side_support": 0.9285714285714286,
      "status": "active",
      "triangle": {
        "apex": {
          "x": 4626.378505881031,
          "y": 2974.7788635037614
        },
        "left_base": {
          "x": 4590.105016572759,
          "y": 3037.357421875
        },
        "right_base": {
          "x": 4662.090887475035,
          "y": 3037.357421875
        }
      }
    }
  ],
  "canonical_side_px": 120.0,
  "geometry_only_deltas": [],
  "historical_deltas": [],
  "page_index": 191,
  "pdf_path": "F:\\Desktop\\m\\projects\\drawing_revision\\revision_sets\\Revision #3 - EHRM Drawings\\260313 - VA Biloxi Rev 3.pdf",
  "target_digit": null
}