{
  "active_deltas": [
    {
      "base_support": 1.0,
      "center": {
        "x": 4035.0354238457116,
        "y": 7057.886941894126
      },
      "digit": "1",
      "geometry_score": 0.9739311783107403,
      "interior_ink_ratio": 0.026068821689259645,
      "score": 1.0939311783107404,
      "side_support": 1.0,
      "status": "active",
      "triangle": {
        "apex": {
          "x": 4034.981109575329,
          "y": 7012.758970213627
        },
        "left_base": {
          "x": 3996.0022256525813,
          "y": 7080.450927734375
        },
        "right_base": {
          "x": 4074.1229363092257,
          "y": 7080.450927734375
        }
      }
    },
    {
      "base_support": 1.0,
      "center": {
        "x": 4370.757568359375,
        "y": 6359.931233723958
      },
      "digit": "1",
      "geometry_score": 0.9662162162162161,
      "interior_ink_ratio": 0.033783783783783786,
      "score": 1.0862162162162161,
      "side_support": 1.0,
      "status": "active",
      "triangle": {
        "apex": {
          "x": 4371.834228515625,
          "y": 6312.243896484375
        },
        "left_base": {
          "x": 4328.39111328125,
          "y": 6386.30615234375
        },
        "right_base": {
          "x": 4412.04736328125,
          "y": 6381.24365234375
        }
      }
    },
    {
      "base_support": 0.9166666666666666,
      "center": {
        "x": 1363.7496948242188,
        "y": 2804.5092050869994
      },
      "digit": "3",
      "geometry_score": 0.705723902974091,
      "interior_ink_ratio": 0.0728744939271255,
      "score": 0.825723902974091,
      "side_support": 0.6428571428571429,
      "status": "active",
      "triangle": {
        "apex": {
          "x": 1363.7496948242188,
          "y": 2778.81924123756
        },
        "left_base": {
          "x": 1341.5015335083008,
          "y": 2817.3541870117188
        },
        "right_base": {
          "x": 1385.9978561401367,
          "y": 2817.3541870117188
        }
      }
    },
    {
      "base_support": 0.875,
      "center": {
        "x": 4118.124267578125,
        "y": 7163.894520028406
      },
      "digit": "6",
      "geometry_score": 0.7022673550468327,
      "interior_ink_ratio": 0.0860655737704918,
      "score": 0.8222673550468327,
      "side_support": 0.6785714285714286,
      "status": "active",
      "triangle": {
        "apex": {
          "x": 4118.124267578125,
          "y": 7138.204556178966
        },
        "left_base": {
          "x": 4095.876106262207,
          "y": 7176.739501953125
        },
        "right_base": {
          "x": 4140.372428894043,
          "y": 7176.739501953125
        }
      }
    },
    {
      "base_support": 0.9166666666666666,
      "center": {
        "x": 10858.12548828125,
        "y": 2999.5035898526244
      },
      "digit": "5",
      "geometry_score": 0.6734029259583658,
      "interior_ink_ratio": 0.0842911877394636,
      "score": 0.7934029259583658,
      "side_support": 0.6071428571428571,
      "status": "active",
      "triangle": {
        "apex": {
          "x": 10858.12548828125,
          "y": 2973.813626003185
        },
        "left_base": {
          "x": 10835.877326965332,
          "y": 3012.3485717773438
        },
        "right_base": {
          "x": 10880.373649597168,
          "y": 3012.3485717773438
        }
      }
    }
  ],
  "canonical_side_px": 44.49632263183594,
  "geometry_only_deltas": [
    {
      "base_support": 1.0,
      "center": {
        "x": 5504.800537109375,
        "y": 5622.303629557292
      },
      "digit": null,
      "geometry_score": 0.96415770609319,
      "interior_ink_ratio": 0.035842293906810034,
      "score": 0.96415770609319,
      "side_support": 1.0,
      "status": "geometry_only",
      "triangle": {
        "apex": {
          "x": 5504.894287109375,
          "y": 5596.594482421875
        },
        "left_base": {
          "x": 5481.11474609375,
          "y": 5635.37548828125
        },
        "right_base": {
          "x": 5528.392578125,
          "y": 5634.94091796875
        }
      }
    },
    {
      "base_support": 1.0,
      "center": {
        "x": 3387.604100727362,
        "y": 2850.918113880411
      },
      "digit": null,
      "geometry_score": 0.955,
      "interior_ink_ratio": 0.0,
      "score": 0.955,
      "side_support": 0.8928571428571429,
      "status": "geometry_only",
      "triangle": {
        "apex": {
          "x": 3385.610521043693,
          "y": 2824.2355428131077
        },
        "left_base": {
          "x": 3368.446481252517,
          "y": 2864.2593994140625
        },
        "right_base": {
          "x": 3408.7552998858755,
          "y": 2864.2593994140625
        }
      }
    },
    {
      "base_support": 1.0,
      "center": {
        "x": 6854.905354817708,
        "y": 5622.124104817708
      },
      "digit": null,
      "geometry_score": 0.937037037037037,
      "interior_ink_ratio": 0.06296296296296296,
      "score": 0.937037037037037,
      "side_support": 1.0,
      "status": "geometry_only",
      "triangle": {
        "apex": {
          "x": 6854.892822265625,
          "y": 5596.593505859375
        },
        "left_base": {
          "x": 6831.4306640625,
          "y": 5634.837890625
        },
        "right_base": {
          "x": 6878.392578125,
          "y": 5634.94091796875
        }
      }
    },
    {
      "base_support": 1.0,
      "center": {
        "x": 2935.2381184895835,
        "y": 4155.868815104167
      },
      "digit": null,
      "geometry_score": 0.933085501858736,
      "interior_ink_ratio": 0.06691449814126393,
      "score": 0.933085501858736,
      "side_support": 1.0,
      "status": "geometry_only",
      "triangle": {
        "apex": {
          "x": 2935.438720703125,
          "y": 4130.22216796875
        },
        "left_base": {
          "x": 2911.92529296875,
          "y": 4168.67529296875
        },
        "right_base": {
          "x": 2958.350341796875,
          "y": 4168.708984375
        }
      }
    },
    {
      "base_support": 1.0,
      "center": {
        "x": 6610.073567708333,
        "y": 4822.909993489583
      },
      "digit": null,
      "geometry_score": 0.8158490566037735,
      "interior_ink_ratio": 0.06415094339622641,
      "score": 0.8158490566037735,
      "side_support": 1.0,
      "status": "geometry_only",
      "triangle": {
        "apex": {
          "x": 6610.30859375,
          "y": 4797.322265625
        },
        "left_base": {
          "x": 6586.9658203125,
          "y": 4836.39208984375
        },
        "right_base": {
          "x": 6632.9462890625,
          "y": 4835.015625
        }
      }
    }
  ],
  "historical_deltas": [],
  "page_index": 195,
  "pdf_path": "F:\\Desktop\\m\\projects\\drawing_revision\\revision_sets\\Revision #3 - EHRM Drawings\\260313 - VA Biloxi Rev 3.pdf",
  "target_digit": null
}