{
  "active_deltas": [
    {
      "base_support": 1.0,
      "center": {
        "x": 2337.183997444628,
        "y": 881.2956470358846
      },
      "digit": "3",
      "geometry_score": 0.9297513812154696,
      "interior_ink_ratio": 0.055248618784530384,
      "score": 1.0497513812154695,
      "side_support": 0.9642857142857143,
      "status": "active",
      "triangle": {
        "apex": {
          "x": 2335.3124427794983,
          "y": 835.1348353947635
        },
        "left_base": {
          "x": 2300.748716384979,
          "y": 904.3760528564453
        },
        "right_base": {
          "x": 2375.4908331694055,
          "y": 904.3760528564453
        }
      }
    }
  ],
  "canonical_side_px": 120.0,
  "geometry_only_deltas": [],
  "historical_deltas": [],
  "page_index": 54,
  "pdf_path": "F:\\Desktop\\m\\projects\\drawing_revision\\revision_sets\\Revision #3 - EHRM Drawings\\260313 - VA Biloxi Rev 3.pdf",
  "target_digit": null
}