{
  "active_deltas": [
    {
      "base_support": 1.0,
      "center": {
        "x": 5511.875,
        "y": 7580.568688942561
      },
      "digit": "3",
      "geometry_score": 0.9448173515981736,
      "interior_ink_ratio": 0.04018264840182648,
      "score": 1.0648173515981736,
      "side_support": 0.9642857142857143,
      "status": "active",
      "triangle": {
        "apex": {
          "x": 5511.875,
          "y": 7533.948742608933
        },
        "left_base": {
          "x": 5471.679313037153,
          "y": 7603.878662109375
        },
        "right_base": {
          "x": 5552.070686962847,
          "y": 7603.878662109375
        }
      }
    }
  ],
  "canonical_side_px": 120.0,
  "geometry_only_deltas": [],
  "historical_deltas": [],
  "page_index": 182,
  "pdf_path": "F:\\Desktop\\m\\projects\\drawing_revision\\revision_sets\\Revision #3 - EHRM Drawings\\260313 - VA Biloxi Rev 3.pdf",
  "target_digit": null
}