{
  "active_deltas": [
    {
      "base_support": 1.0,
      "center": {
        "x": 8346.032051389308,
        "y": 3495.601815019269
      },
      "digit": "1",
      "geometry_score": 0.9999999999999999,
      "interior_ink_ratio": 0.0,
      "score": 1.1199999999999999,
      "side_support": 1.0,
      "status": "active",
      "triangle": {
        "apex": {
          "x": 8345.884173866876,
          "y": 3426.5210212296824
        },
        "left_base": {
          "x": 8286.128121836036,
          "y": 3530.1422119140625
        },
        "right_base": {
          "x": 8406.083858465012,
          "y": 3530.1422119140625
        }
      }
    },
    {
      "base_support": 1.0,
      "center": {
        "x": 8371.20753029718,
        "y": 4227.076708040347
      },
      "digit": "1",
      "geometry_score": 0.9999999999999999,
      "interior_ink_ratio": 0.0,
      "score": 1.1199999999999999,
      "side_support": 1.0,
      "status": "active",
      "triangle": {
        "apex": {
          "x": 8371.360015619468,
          "y": 4158.018698339789
        },
        "left_base": {
          "x": 8311.199965819513,
          "y": 4261.605712890625
        },
        "right_base": {
          "x": 8431.062609452563,
          "y": 4261.605712890625
        }
      }
    },
    {
      "base_support": 1.0,
      "center": {
        "x": 8371.20235636775,
        "y": 5091.012211697215
      },
      "digit": "1",
      "geometry_score": 0.9999999999999999,
      "interior_ink_ratio": 0.0,
      "score": 1.1199999999999999,
      "side_support": 1.0,
      "status": "active",
      "triangle": {
        "apex": {
          "x": 8371.374382346728,
          "y": 5022.0717913416465
        },
        "left_base": {
          "x": 8311.229341528824,
          "y": 5125.482421875
        },
        "right_base": {
          "x": 8431.003345227697,
          "y": 5125.482421875
        }
      }
    },
    {
      "base_support": 1.0,
      "center": {
        "x": 4664.537251922757,
        "y": 2997.5215816029795
      },
      "digit": "2",
      "geometry_score": 0.9999999999999999,
      "interior_ink_ratio": 0.0,
      "score": 1.1199999999999999,
      "side_support": 1.0,
      "status": "active",
      "triangle": {
        "apex": {
          "x": 4664.379525685525,
          "y": 2928.493944027689
        },
        "left_base": {
          "x": 4604.689504779201,
          "y": 3032.035400390625
        },
        "right_base": {
          "x": 4724.542725303544,
          "y": 3032.035400390625
        }
      }
    },
    {
      "base_support": 1.0,
      "center": {
        "x": 4672.7123227906695,
        "y": 4872.540130626572
      },
      "digit": "2",
      "geometry_score": 0.9999999999999999,
      "interior_ink_ratio": 0.0,
      "score": 1.1199999999999999,
      "side_support": 1.0,
      "status": "active",
      "triangle": {
        "apex": {
          "x": 4672.900831592965,
          "y": 4803.552520785966
        },
        "left_base": {
          "x": 4612.668618898833,
          "y": 4907.033935546875
        },
        "right_base": {
          "x": 4732.567517880209,
          "y": 4907.033935546875
        }
      }
    },
    {
      "base_support": 1.0,
      "center": {
        "x": 4807.7123227906695,
        "y": 6792.540130626573
      },
      "digit": "1",
      "geometry_score": 0.9999999999999999,
      "interior_ink_ratio": 0.0,
      "score": 1.1199999999999999,
      "side_support": 1.0,
      "status": "active",
      "triangle": {
        "apex": {
          "x": 4807.900831592965,
          "y": 6723.552520785966
        },
        "left_base": {
          "x": 4747.668618898833,
          "y": 6827.033935546875
        },
        "right_base": {
          "x": 4867.567517880209,
          "y": 6827.033935546875
        }
      }
    },
    {
      "base_support": 1.0,
      "center": {
        "x": 1065.5563814089571,
        "y": 7123.254804879438
      },
      "digit": "2",
      "geometry_score": 0.9999999999999999,
      "interior_ink_ratio": 0.0,
      "score": 1.1199999999999999,
      "side_support": 1.0,
      "status": "active",
      "triangle": {
        "apex": {
          "x": 1065.3625804556693,
          "y": 7054.0510357320645
        },
        "left_base": {
          "x": 1005.8086555347451,
          "y": 7157.856689453125
        },
        "right_base": {
          "x": 1125.4979082364564,
          "y": 7157.856689453125
        }
      }
    },
    {
      "base_support": 0.8333333333333334,
      "center": {
        "x": 1305.804667154948,
        "y": 7039.628173828125
      },
      "digit": "1",
      "geometry_score": 0.944569495694957,
      "interior_ink_ratio": 0.008763837638376383,
      "score": 1.064569495694957,
      "side_support": 1.0,
      "status": "active",
      "triangle": {
        "apex": {
          "x": 1303.8914184570312,
          "y": 6970.609619140625
        },
        "left_base": {
          "x": 1245.5545654296875,
          "y": 7073.08447265625
        },
        "right_base": {
          "x": 1367.968017578125,
          "y": 7075.1904296875
        }
      }
    },
    {
      "base_support": 1.0,
      "center": {
        "x": 1290.235008239746,
        "y": 7452.059619548832
      },
      "digit": "1",
      "geometry_score": 0.9442857142857143,
      "interior_ink_ratio": 0.0,
      "score": 1.0642857142857143,
      "side_support": 0.8928571428571429,
      "status": "active",
      "triangle": {
        "apex": {
          "x": 1290.235008239746,
          "y": 7385.214014896496
        },
        "left_base": {
          "x": 1232.3450164794922,
          "y": 7485.482421875
        },
        "right_base": {
          "x": 1348.125,
          "y": 7485.482421875
        }
      }
    },
    {
      "base_support": 1.0,
      "center": {
        "x": 7458.772662757702,
        "y": 1345.0469394432275
      },
      "digit": "2",
      "geometry_score": 0.9363970130678283,
      "interior_ink_ratio": 0.03360298693217175,
      "score": 1.0563970130678282,
      "side_support": 0.9285714285714286,
      "status": "active",
      "triangle": {
        "apex": {
          "x": 7458.913278067642,
          "y": 1285.323099823823
        },
        "left_base": {
          "x": 7407.457134152815,
          "y": 1374.9088592529297
        },
        "right_base": {
          "x": 7509.9475760526475,
          "y": 1374.9088592529297
        }
      }
    },
    {
      "base_support": 1.0,
      "center": {
        "x": 4773.514991760254,
        "y": 7189.352344158207
      },
      "digit": "1",
      "geometry_score": 0.9071428571428571,
      "interior_ink_ratio": 0.0,
      "score": 1.0271428571428571,
      "side_support": 0.8214285714285714,
      "status": "active",
      "triangle": {
        "apex": {
          "x": 4773.514991760254,
          "y": 7122.506739505871
        },
        "left_base": {
          "x": 4715.625,
          "y": 7222.775146484375
        },
        "right_base": {
          "x": 4831.404983520508,
          "y": 7222.775146484375
        }
      }
    },
    {
      "base_support": 1.0,
      "center": {
        "x": 7334.243048710904,
        "y": 1345.1872842373284
      },
      "digit": "1",
      "geometry_score": 0.8529587155963303,
      "interior_ink_ratio": 0.012041284403669725,
      "score": 0.9729587155963303,
      "side_support": 0.9642857142857143,
      "status": "active",
      "triangle": {
        "apex": {
          "x": 7334.344826475419,
          "y": 1285.6866085713602
        },
        "left_base": {
          "x": 7282.77334667993,
          "y": 1374.9376220703125
        },
        "right_base": {
          "x": 7385.6109729773625,
          "y": 1374.9376220703125
        }
      }
    },
    {
      "base_support": 1.0,
      "center": {
        "x": 1227.5,
        "y": 6695.477344158207
      },
      "digit": "1",