{
  "active_deltas": [
    {
      "base_support": 1.0,
      "center": {
        "x": 6975.532517497744,
        "y": 3027.2196881186305
      },
      "digit": "3",
      "geometry_score": 0.9606741573033707,
      "interior_ink_ratio": 0.03932584269662921,
      "score": 1.0806741573033707,
      "side_support": 1.0,
      "status": "active",
      "triangle": {
        "apex": {
          "x": 6975.32511620995,
          "y": 2980.967413965268
        },
        "left_base": {
          "x": 6935.722059664011,
          "y": 3050.3458251953125
        },
        "right_base": {
          "x": 7015.550376619273,
          "y": 3050.3458251953125
        }
      }
    }
  ],
  "canonical_side_px": 120.0,
  "geometry_only_deltas": [],
  "historical_deltas": [],
  "page_index": 183,
  "pdf_path": "F:\\Desktop\\m\\projects\\drawing_revision\\revision_sets\\Revision #3 - EHRM Drawings\\260313 - VA Biloxi Rev 3.pdf",
  "target_digit": null
}