{
  "active_deltas": [
    {
      "base_support": 1.0,
      "center": {
        "x": 8252.782947730291,
        "y": 3473.502724779811
      },
      "digit": "1",
      "geometry_score": 0.9482063074901446,
      "interior_ink_ratio": 0.03679369250985545,
      "score": 1.0682063074901444,
      "side_support": 0.9642857142857143,
      "status": "active",
      "triangle": {
        "apex": {
          "x": 8252.728556928558,
          "y": 3431.7662309800576
        },
        "left_base": {
          "x": 8216.935371104606,
          "y": 3494.3709716796875
        },
        "right_base": {
          "x": 8288.684915157708,
          "y": 3494.3709716796875
        }
      }
    },
    {
      "base_support": 0.9583333333333334,
      "center": {
        "x": 12017.891025087316,
        "y": 5551.636518647752
      },
      "digit": "1",
      "geometry_score": 0.9479268292682926,
      "interior_ink_ratio": 0.02540650406504065,
      "score": 1.0679268292682926,
      "side_support": 0.9642857142857143,
      "status": "active",
      "triangle": {
        "apex": {
          "x": 12017.870654123022,
          "y": 5506.142466099506
        },
        "left_base": {
          "x": 11978.392252566446,
          "y": 5574.383544921875
        },
        "right_base": {
          "x": 12057.410168572478,
          "y": 5574.383544921875
        }
      }
    },
    {
      "base_support": 0.9583333333333334,
      "center": {
        "x": 4444.8759101859,
        "y": 2938.351251109607
      },
      "digit": "1",
      "geometry_score": 0.9124734607218684,
      "interior_ink_ratio": 0.045859872611464965,
      "score": 1.0324734607218684,
      "side_support": 0.9285714285714286,
      "status": "active",
      "triangle": {
        "apex": {
          "x": 4444.846103124869,
          "y": 2896.29349942257
        },
        "left_base": {
          "x": 4408.363450454413,
          "y": 2959.380126953125
        },
        "right_base": {
          "x": 4481.418176978416,
          "y": 2959.380126953125
        }
      }
    }
  ],
  "canonical_side_px": 72.89836883544922,
  "geometry_only_deltas": [],
  "historical_deltas": [],
  "page_index": 189,
  "pdf_path": "F:\\Desktop\\m\\projects\\drawing_revision\\revision_sets\\Revision #3 - EHRM Drawings\\260313 - VA Biloxi Rev 3.pdf",
  "target_digit": null
}