{
  "active_deltas": [
    {
      "base_support": 1.0,
      "center": {
        "x": 2038.4424845377605,
        "y": 3294.6730143229165
      },
      "digit": "2",
      "geometry_score": 0.8712394705174488,
      "interior_ink_ratio": 0.12876052948255115,
      "score": 0.9912394705174488,
      "side_support": 1.0,
      "status": "active",
      "triangle": {
        "apex": {
          "x": 2040.9537963867188,
          "y": 3251.14306640625
        },
        "left_base": {
          "x": 2000.6353759765625,
          "y": 3318.85546875
        },
        "right_base": {
          "x": 2073.73828125,
          "y": 3314.0205078125
        }
      }
    }
  ],
  "canonical_side_px": 120.0,
  "geometry_only_deltas": [],
  "historical_deltas": [],
  "page_index": 23,
  "pdf_path": "F:\\Desktop\\m\\projects\\drawing_revision\\revision_sets\\Revision #2 - Mod 5 grab bar supports\\260309 - Drawing Rev2- Steel Grab Bars.pdf",
  "target_digit": null
}