{
  "active_deltas": [
    {
      "base_support": 1.0,
      "center": {
        "x": 7459.379932940773,
        "y": 1346.2423174036655
      },
      "digit": "2",
      "geometry_score": 0.984345648090169,
      "interior_ink_ratio": 0.015654351909830933,
      "score": 1.104345648090169,
      "side_support": 1.0,
      "status": "active",
      "triangle": {
        "apex": {
          "x": 7460.856486251017,
          "y": 1288.9092337051368
        },
        "left_base": {
          "x": 7407.311711076917,
          "y": 1374.9088592529297
        },
        "right_base": {
          "x": 7509.971601494383,
          "y": 1374.9088592529297
        }
      }
    },
    {
      "base_support": 1.0,
      "center": {
        "x": 7707.728587620169,
        "y": 1345.8322139024167
      },
      "digit": "4",
      "geometry_score": 0.9499532710280374,
      "interior_ink_ratio": 0.035046728971962614,
      "score": 1.0699532710280373,
      "side_support": 0.9642857142857143,
      "status": "active",
      "triangle": {
        "apex": {
          "x": 7707.840321943915,
          "y": 1285.543943953344
        },
        "left_base": {
          "x": 7655.769493249294,
          "y": 1375.9763488769531
        },
        "right_base": {
          "x": 7759.575947667298,
          "y": 1375.9763488769531
        }
      }
    },
    {
      "base_support": 0.9166666666666666,
      "center": {
        "x": 7584.900901794434,
        "y": 1346.0786584923715
      },
      "digit": "3",
      "geometry_score": 0.9452207111668566,
      "interior_ink_ratio": 0.015853658536585366,
      "score": 1.0652207111668566,
      "side_support": 0.9642857142857143,
      "status": "active",
      "triangle": {
        "apex": {
          "x": 7584.900901794434,
          "y": 1286.2924329966454
        },
        "left_base": {
          "x": 7533.12451171875,
          "y": 1375.9717712402344
        },
        "right_base": {
          "x": 7636.677291870117,
          "y": 1375.9717712402344
        }
      }
    },
    {
      "base_support": 1.0,
      "center": {
        "x": 7832.803832784685,
        "y": 1346.1715600285424
      },
      "digit": "5",
      "geometry_score": 0.8609582309582309,
      "interior_ink_ratio": 0.019041769041769043,
      "score": 0.9809582309582309,
      "side_support": 1.0,
      "status": "active",
      "triangle": {
        "apex": {
          "x": 7834.0800158800885,
          "y": 1288.6441356520338
        },
        "left_base": {
          "x": 7780.7123554888185,
          "y": 1374.9352722167969
        },
        "right_base": {
          "x": 7883.619126985151,
          "y": 1374.9352722167969
        }
      }
    },
    {
      "base_support": 1.0,
      "center": {
        "x": 7334.242942595208,
        "y": 1345.20677224119
      },
      "digit": "1",
      "geometry_score": 0.8483715596330276,
      "interior_ink_ratio": 0.016628440366972478,
      "score": 0.9683715596330276,
      "side_support": 0.9642857142857143,
      "status": "active",
      "triangle": {
        "apex": {
          "x": 7334.340115211376,
          "y": 1285.7450725829447
        },
        "left_base": {
          "x": 7282.762845100455,
          "y": 1374.9376220703125
        },
        "right_base": {
          "x": 7385.625867473796,
          "y": 1374.9376220703125
        }
      }
    },
    {
      "base_support": 0.375,
      "center": {
        "x": 7461.561848958333,
        "y": 1598.743631998698
      },
      "digit": "1",
      "geometry_score": 0.8240389235944258,
      "interior_ink_ratio": 0.0009610764055742432,
      "score": 0.9440389235944258,
      "side_support": 1.0,
      "status": "active",
      "triangle": {
        "apex": {
          "x": 7458.822265625,
          "y": 1528.8833618164062
        },
        "left_base": {
          "x": 7403.43115234375,
          "y": 1628.826171875
        },
        "right_base": {
          "x": 7522.43212890625,
          "y": 1638.5213623046875
        }
      }
    }
  ],
  "canonical_side_px": 103.55278015136719,
  "geometry_only_deltas": [],
  "historical_deltas": [],
  "page_index": 1,
  "pdf_path": "F:\\Desktop\\m\\projects\\drawing_revision\\revision_sets\\Revision #5 - RFI 126 - Concrete Repairs\\260303-VA Biloxi Rev 5 RFI-126.pdf",
  "target_digit": null
}