{
  "active_deltas": [
    {
      "base_support": 1.0,
      "center": {
        "x": 11842.670735677084,
        "y": 6793.544514973958
      },
      "digit": "1",
      "geometry_score": 0.9999999999999999,
      "interior_ink_ratio": 0.0,
      "score": 1.1199999999999999,
      "side_support": 1.0,
      "status": "active",
      "triangle": {
        "apex": {
          "x": 11842.43701171875,
          "y": 6721.259521484375
        },
        "left_base": {
          "x": 11779.5810546875,
          "y": 6829.4921875
        },
        "right_base": {
          "x": 11905.994140625,
          "y": 6829.8818359375
        }
      }
    },
    {
      "base_support": 1.0,
      "center": {
        "x": 8460.213202990451,
        "y": 3541.5716024328703
      },
      "digit": "2",
      "geometry_score": 0.9999999999999999,
      "interior_ink_ratio": 0.0,
      "score": 1.1199999999999999,
      "side_support": 1.0,
      "status": "active",
      "triangle": {
        "apex": {
          "x": 8460.393772709014,
          "y": 3472.5255983142365
        },
        "left_base": {
          "x": 8400.140718954486,
          "y": 3576.0946044921875
        },
        "right_base": {
          "x": 8520.105117307854,
          "y": 3576.0946044921875
        }
      }
    },
    {
      "base_support": 1.0,
      "center": {
        "x": 8482.041449637627,
        "y": 4438.187348411448
      },
      "digit": "1",
      "geometry_score": 0.9999999999999999,
      "interior_ink_ratio": 0.0,
      "score": 1.1199999999999999,
      "side_support": 1.0,
      "status": "active",
      "triangle": {
        "apex": {
          "x": 8481.881160259842,
          "y": 4369.012728828094
        },
        "left_base": {
          "x": 8422.066227392004,
          "y": 4472.774658203125
        },
        "right_base": {
          "x": 8542.176961261039,
          "y": 4472.774658203125
        }
      }
    },
    {
      "base_support": 1.0,
      "center": {
        "x": 8498.702719509904,
        "y": 2138.1894561395825
      },
      "digit": "1",
      "geometry_score": 0.9999999999999999,
      "interior_ink_ratio": 0.0,
      "score": 1.1199999999999999,
      "side_support": 1.0,
      "status": "active",
      "triangle": {
        "apex": {
          "x": 8498.86906407974,
          "y": 2069.0185637312484
        },
        "left_base": {
          "x": 8438.568247104491,
          "y": 2172.77490234375
        },
        "right_base": {
          "x": 8558.670847345482,
          "y": 2172.77490234375
        }
      }
    },
    {
      "base_support": 1.0,
      "center": {
        "x": 638.5769348144531,
        "y": 2366.686942647316
      },
      "digit": "1",
      "geometry_score": 0.87,
      "interior_ink_ratio": 0.0,
      "score": 0.99,
      "side_support": 0.75,
      "status": "active",
      "triangle": {
        "apex": {
          "x": 638.5769348144531,
          "y": 2299.7698123169475
        },
        "left_base": {
          "x": 580.625,
          "y": 2400.1455078125
        },
        "right_base": {
          "x": 696.5288696289062,
          "y": 2400.1455078125
        }
      }
    },
    {
      "base_support": 1.0,
      "center": {
        "x": 8544.375,
        "y": 7359.318534444191
      },
      "digit": "1",
      "geometry_score": 0.8514285714285715,
      "interior_ink_ratio": 0.0,
      "score": 0.9714285714285715,
      "side_support": 0.7142857142857143,
      "status": "active",
      "triangle": {
        "apex": {
          "x": 8544.375,
          "y": 7292.4014041138225
        },
        "left_base": {
          "x": 8486.423065185547,
          "y": 7392.777099609375
        },
        "right_base": {
          "x": 8602.326934814453,
          "y": 7392.777099609375
        }
      }
    },
    {
      "base_support": 1.0,
      "center": {
        "x": 8498.75,
        "y": 3085.441703389503
      },
      "digit": "1",
      "geometry_score": 0.8514285714285715,
      "interior_ink_ratio": 0.0,
      "score": 0.9714285714285715,
      "side_support": 0.7142857142857143,
      "status": "active",
      "triangle": {
        "apex": {
          "x": 8498.75,
          "y": 3018.524573059135
        },
        "left_base": {
          "x": 8440.798065185547,
          "y": 3118.9002685546875
        },
        "right_base": {
          "x": 8556.701934814453,
          "y": 3118.9002685546875
        }
      }
    },
    {
      "base_support": 1.0,
      "center": {
        "x": 4559.375,
        "y": 3551.3944621785654
      },
      "digit": "1",
      "geometry_score": 0.8504927583636926,
      "interior_ink_ratio": 0.0,
      "score": 0.9704927583636926,
      "side_support": 0.7142857142857143,
      "status": "active",
      "triangle": {
        "apex": {
          "x": 4559.375,
          "y": 3484.4773318481975
        },
        "left_base": {
          "x": 4501.423065185547,
          "y": 3584.85302734375
        },
        "right_base": {
          "x": 4617.326934814453,
          "y": 3584.85302734375
        }
      }
    },
    {
      "base_support": 0.08333333333333333,
      "center": {
        "x": 641.3607177734375,
        "y": 803.6318562825521
      },
      "digit": "1",
      "geometry_score": 0.7433333333333333,
      "interior_ink_ratio": 0.0,
      "score": 0.8633333333333333,
      "side_support": 1.0,
      "status": "active",
      "triangle": {
        "apex": {
          "x": 641.0692138671875,
          "y": 737.6583251953125
        },
        "left_base": {
          "x": 583.5623779296875,
          "y": 835.1555786132812
        },
        "right_base": {
          "x": 699.4505615234375,
          "y": 838.0816650390625
        }
      }
    },
    {
      "base_support": 0.08333333333333333,
      "center": {
        "x": 8481.888997395834,
        "y": 4786.027425130208
      },
      "digit": "1",
      "geometry_score": 0.7433333333333333,
      "interior_ink_ratio": 0.0,
      "score": 0.8633333333333333,
      "side_support": 1.0,
      "status": "active",
      "triangle": {
        "apex": {
          "x": 8481.884765625,
          "y": 4719.587646484375
        },
        "left_base": {
          "x": 8423.546875,
          "y": 4819.6171875
        },
        "right_base": {
          "x": 8540.2353515625,
          "y": 4818.87744140625
        }
      }
    }
  ],
  "canonical_side_px": 115.90386962890625,
  "geometry_only_deltas": [],
  "historical_deltas": [],
  "page_index": 17,
  "pdf_path": "F:\\Desktop\\m\\projects\\drawing_revision\\revision_sets\\Revision #2 - Mod 5 grab bar supports\\260309 - Drawing Rev2- Steel Grab Bars.pdf",
  "target_digit": null
}