{
  "active_deltas": [
    {
      "base_support": 1.0,
      "center": {
        "x": 6827.036336032504,
        "y": 6281.55650243556
      },
      "digit": "1",
      "geometry_score": 0.9999999999999999,
      "interior_ink_ratio": 0.0,
      "score": 1.1199999999999999,
      "side_support": 1.0,
      "status": "active",
      "triangle": {
        "apex": {
          "x": 6826.885959925733,
          "y": 6212.485913556681
        },
        "left_base": {
          "x": 6767.162942973429,
          "y": 6316.091796875
        },
        "right_base": {
          "x": 6887.060105198351,
          "y": 6316.091796875
        }
      }
    },
    {
      "base_support": 0.9166666666666666,
      "center": {
        "x": 11699.6728515625,
        "y": 2853.6627197265625
      },
      "digit": "1",
      "geometry_score": 0.9766666666666667,
      "interior_ink_ratio": 0.0,
      "score": 1.0966666666666667,
      "side_support": 1.0,
      "status": "active",
      "triangle": {
        "apex": {
          "x": 11699.2646484375,
          "y": 2785.2818603515625
        },
        "left_base": {
          "x": 11640.66015625,
          "y": 2887.41943359375
        },
        "right_base": {
          "x": 11759.09375,
          "y": 2888.286865234375
        }
      }
    },
    {
      "base_support": 0.08333333333333333,
      "center": {
        "x": 2670.3790690104165,
        "y": 6174.336995442708
      },
      "digit": "1",
      "geometry_score": 0.7433333333333333,
      "interior_ink_ratio": 0.0,
      "score": 0.8633333333333333,
      "side_support": 1.0,
      "status": "active",
      "triangle": {
        "apex": {
          "x": 2670.458740234375,
          "y": 6108.023193359375
        },
        "left_base": {
          "x": 2611.577392578125,
          "y": 6207.9541015625
        },
        "right_base": {
          "x": 2729.10107421875,
          "y": 6207.03369140625
        }
      }
    },
    {
      "base_support": 0.08333333333333333,
      "center": {
        "x": 4787.354573567708,
        "y": 2334.112508138021
      },
      "digit": "1",
      "geometry_score": 0.7433333333333333,
      "interior_ink_ratio": 0.0,
      "score": 0.8633333333333333,
      "side_support": 1.0,
      "status": "active",
      "triangle": {
        "apex": {
          "x": 4787.405517578125,
          "y": 2267.3426513671875
        },
        "left_base": {
          "x": 4728.57275390625,
          "y": 2367.134033203125
        },
        "right_base": {
          "x": 4846.08544921875,
          "y": 2367.86083984375
        }
      }
    },
    {
      "base_support": 0.08333333333333333,
      "center": {
        "x": 2427.3546142578125,
        "y": 6319.112548828125
      },
      "digit": "1",
      "geometry_score": 0.7433333333333333,
      "interior_ink_ratio": 0.0,
      "score": 0.8633333333333333,
      "side_support": 1.0,
      "status": "active",
      "triangle": {
        "apex": {
          "x": 2427.4053955078125,
          "y": 6252.342529296875
        },
        "left_base": {
          "x": 2368.57275390625,
          "y": 6352.13427734375
        },
        "right_base": {
          "x": 2486.085693359375,
          "y": 6352.86083984375
        }
      }
    },
    {
      "base_support": 0.08333333333333333,
      "center": {
        "x": 5238.065592447917,
        "y": 3696.1082763671875
      },
      "digit": "2",
      "geometry_score": 0.7433333333333333,
      "interior_ink_ratio": 0.0,
      "score": 0.8633333333333333,
      "side_support": 1.0,
      "status": "active",
      "triangle": {
        "apex": {
          "x": 5237.68798828125,
          "y": 3628.9869384765625
        },
        "left_base": {
          "x": 5179.3876953125,
          "y": 3729.38232421875
        },
        "right_base": {
          "x": 5297.12109375,
          "y": 3729.95556640625
        }
      }
    },
    {
      "base_support": 0.7916666666666666,
      "center": {
        "x": 5987.234155457561,
        "y": 6337.8283227427755
      },
      "digit": "1",
      "geometry_score": 0.7100389635690629,
      "interior_ink_ratio": 0.06662770309760374,
      "score": 0.8300389635690629,
      "side_support": 0.8928571428571429,
      "status": "active",
      "triangle": {
        "apex": {
          "x": 5987.251325434954,
          "y": 6278.722272915827
        },
        "left_base": {
          "x": 5936.103095653749,
          "y": 6367.38134765625
        },
        "right_base": {
          "x": 6038.348045283979,
          "y": 6367.38134765625
        }
      }
    }
  ],
  "canonical_side_px": 115.58386993408203,
  "geometry_only_deltas": [],
  "historical_deltas": [],
  "page_index": 15,
  "pdf_path": "F:\\Desktop\\m\\projects\\drawing_revision\\revision_sets\\Revision #2 - Mod 5 grab bar supports\\260309 - Drawing Rev2- Steel Grab Bars.pdf",
  "target_digit": null
}