{
  "active_deltas": [
    {
      "base_support": 1.0,
      "center": {
        "x": 8060.543908151074,
        "y": 1458.4223351073651
      },
      "digit": "1",
      "geometry_score": 0.9999999999999999,
      "interior_ink_ratio": 0.0,
      "score": 1.1199999999999999,
      "side_support": 1.0,
      "status": "active",
      "triangle": {
        "apex": {
          "x": 8060.386451777123,
          "y": 1389.5539926267827
        },
        "left_base": {
          "x": 8000.802700668875,
          "y": 1492.8565063476562
        },
        "right_base": {
          "x": 8120.442572007226,
          "y": 1492.8565063476562
        }
      }
    },
    {
      "base_support": 1.0,
      "center": {
        "x": 12023.04274740066,
        "y": 1456.5794984539389
      },
      "digit": "1",
      "geometry_score": 0.9999999999999999,
      "interior_ink_ratio": 0.0,
      "score": 1.1199999999999999,
      "side_support": 1.0,
      "status": "active",
      "triangle": {
        "apex": {
          "x": 12022.891971629859,
          "y": 1387.549042236817
        },
        "left_base": {
          "x": 11963.164245392958,
          "y": 1491.0947265625
        },
        "right_base": {
          "x": 12083.072025179164,
          "y": 1491.0947265625
        }
      }
    },
    {
      "base_support": 1.0,
      "center": {
        "x": 9448.727523402313,
        "y": 1503.430403949782
      },
      "digit": "1",
      "geometry_score": 0.9999999999999999,
      "interior_ink_ratio": 0.0,
      "score": 1.1199999999999999,
      "side_support": 1.0,
      "status": "active",
      "triangle": {
        "apex": {
          "x": 9448.878820566624,
          "y": 1434.5784432946584
        },
        "left_base": {
          "x": 9388.802059943,
          "y": 1537.8563842773438
        },
        "right_base": {
          "x": 9508.50168969732,
          "y": 1537.8563842773438
        }
      }
    },
    {
      "base_support": 0.7916666666666666,
      "center": {
        "x": 2983.1632486979165,
        "y": 1881.8677571614583
      },
      "digit": "1",
      "geometry_score": 0.9305863342566943,
      "interior_ink_ratio": 0.0110803324099723,
      "score": 1.0505863342566943,
      "side_support": 1.0,
      "status": "active",
      "triangle": {
        "apex": {
          "x": 2981.09912109375,
          "y": 1812.8243408203125
        },
        "left_base": {
          "x": 2923.18896484375,
          "y": 1914.4117431640625
        },
        "right_base": {
          "x": 3045.20166015625,
          "y": 1918.3671875
        }
      }
    },
    {
      "base_support": 0.16666666666666666,
      "center": {
        "x": 1949.6618041992188,
        "y": 3931.540079752604
      },
      "digit": "1",
      "geometry_score": 0.7666666666666667,
      "interior_ink_ratio": 0.0,
      "score": 0.8866666666666667,
      "side_support": 1.0,
      "status": "active",
      "triangle": {
        "apex": {
          "x": 1950.0324096679688,
          "y": 3865.1854248046875
        },
        "left_base": {
          "x": 1890.8662109375,
          "y": 3965.764404296875
        },
        "right_base": {
          "x": 2008.0867919921875,
          "y": 3963.67041015625
        }
      }
    },
    {
      "base_support": 0.08333333333333333,
      "center": {
        "x": 8532.675455729166,
        "y": 3980.489054361979
      },
      "digit": "1",
      "geometry_score": 0.7433333333333333,
      "interior_ink_ratio": 0.0,
      "score": 0.8633333333333333,
      "side_support": 1.0,
      "status": "active",
      "triangle": {
        "apex": {
          "x": 8532.525390625,
          "y": 3914.8077392578125
        },
        "left_base": {
          "x": 8474.353515625,
          "y": 4013.11279296875
        },
        "right_base": {
          "x": 8591.1474609375,
          "y": 4013.546630859375
        }
      }
    },
    {
      "base_support": 0.08333333333333333,
      "center": {
        "x": 5621.847330729167,
        "y": 1519.7053629557292
      },
      "digit": "1",
      "geometry_score": 0.7433333333333333,
      "interior_ink_ratio": 0.0,
      "score": 0.8633333333333333,
      "side_support": 1.0,
      "status": "active",
      "triangle": {
        "apex": {
          "x": 5621.62060546875,
          "y": 1453.8770751953125
        },
        "left_base": {
          "x": 5563.41845703125,
          "y": 1552.0433349609375
        },
        "right_base": {
          "x": 5680.5029296875,
          "y": 1553.1956787109375
        }
      }
    },
    {
      "base_support": 0.08333333333333333,
      "center": {
        "x": 3937.2103678385415,
        "y": 1538.1561279296875
      },
      "digit": "2",
      "geometry_score": 0.7433333333333333,
      "interior_ink_ratio": 0.0,
      "score": 0.8633333333333333,
      "side_support": 1.0,
      "status": "active",
      "triangle": {
        "apex": {
          "x": 3936.906005859375,
          "y": 1470.8961181640625
        },
        "left_base": {
          "x": 3878.455810546875,
          "y": 1571.34716796875
        },
        "right_base": {
          "x": 3996.269287109375,
          "y": 1572.22509765625
        }
      }
    },
    {
      "base_support": 0.08333333333333333,
      "center": {
        "x": 10380.026041666666,
        "y": 4428.276529947917
      },
      "digit": "1",
      "geometry_score": 0.7433333333333333,
      "interior_ink_ratio": 0.0,
      "score": 0.8633333333333333,
      "side_support": 1.0,
      "status": "active",
      "triangle": {
        "apex": {
          "x": 10379.734375,
          "y": 4361.9619140625
        },
        "left_base": {
          "x": 10321.7421875,
          "y": 4460.54833984375
        },
        "right_base": {
          "x": 10438.6015625,
          "y": 4462.3193359375
        }
      }
    },
    {
      "base_support": 0.08333333333333333,
      "center": {
        "x": 7624.196858723958,
        "y": 6748.372884114583
      },
      "digit": "1",
      "geometry_score": 0.7433333333333333,
      "interior_ink_ratio": 0.0,
      "score": 0.8633333333333333,
      "side_support": 1.0,
      "status": "active",
      "triangle": {
        "apex": {
          "x": 7624.002685546875,
          "y": 6681.9560546875
        },
        "left_base": {
          "x": 7565.4931640625,
          "y": 6781.27001953125
        },
        "right_base": {
          "x": 7683.0947265625,
          "y": 6781.892578125
        }
      }
    },
    {
      "base_support": 0.08333333333333333,
      "center": {
        "x": 11388.461100260416,
        "y": 3909.3140462239585
      },
      "digit": "1",
      "geometry_score": 0.7424048282265552,
      "interior_ink_ratio": 0.0009285051067780873,
      "score": 0.8624048282265552,
      "side_support": 1.0,
      "status": "active",
      "triangle": {
        "apex": {
          "x": 11387.64697265625,
          "y": 3842.786865234375
        },
        "left_base": {
          "x": 11331.5009765625,
          "y": 3940.410400390625
        },
        "right_base": {
          "x": 11446.2353515625,
          "y": 3944.744873046875
        }
      }
    }
  ],
  "canonical_side_px": 115.12287139892578,
  "geometry_only_deltas": [],
  "historical_deltas": [],
  "page_index": 10,
  "pdf_path": "F:\\Desktop\\m\\projects\\drawing_revision\\revision_sets\\Revision #2 - Mod 5 grab bar supports\\260309 - Drawing Rev2- Steel Grab Bars.pdf",
  "target_digit": null
}