{
  "active_deltas": [
    {
      "base_support": 1.0,
      "center": {
        "x": 4450.518961588542,
        "y": 6328.736735026042
      },
      "digit": "1",
      "geometry_score": 0.9806763285024154,
      "interior_ink_ratio": 0.01932367149758454,
      "score": 1.1006763285024155,
      "side_support": 1.0,
      "status": "active",
      "triangle": {
        "apex": {
          "x": 4449.991943359375,
          "y": 6283.391845703125
        },
        "left_base": {
          "x": 4410.27392578125,
          "y": 6351.1357421875
        },
        "right_base": {
          "x": 4491.291015625,
          "y": 6351.6826171875
        }
      }
    },
    {
      "base_support": 1.0,
      "center": {
        "x": 4047.3920641246973,
        "y": 6716.80190293987
      },
      "digit": "1",
      "geometry_score": 0.9660964083175804,
      "interior_ink_ratio": 0.01890359168241966,
      "score": 1.0860964083175804,
      "side_support": 0.9642857142857143,
      "status": "active",
      "triangle": {
        "apex": {
          "x": 4047.353249604498,
          "y": 6667.57318928836
        },
        "left_base": {
          "x": 4004.9928965685044,
          "y": 6741.416259765625
        },
        "right_base": {
          "x": 4089.8300462010893,
          "y": 6741.416259765625
        }
      }
    },
    {
      "base_support": 0.9166666666666666,
      "center": {
        "x": 10691.87255859375,
        "y": 3214.5795132114513
      },
      "digit": "6",
      "geometry_score": 0.7092164582813363,
      "interior_ink_ratio": 0.06584362139917696,
      "score": 0.8292164582813363,
      "side_support": 0.6428571428571429,
      "status": "active",
      "triangle": {
        "apex": {
          "x": 10691.87255859375,
          "y": 3189.0208882671673
        },
        "left_base": {
          "x": 10669.738140106201,
          "y": 3227.3588256835938
        },
        "right_base": {
          "x": 10714.006977081299,
          "y": 3227.3588256835938
        }
      }
    },
    {
      "base_support": 0.9166666666666666,
      "center": {
        "x": 11165.62548828125,
        "y": 2980.5963589145763
      },
      "digit": "9",
      "geometry_score": 0.6911931523705486,
      "interior_ink_ratio": 0.06521739130434782,
      "score": 0.8111931523705486,
      "side_support": 0.6071428571428571,
      "status": "active",
      "triangle": {
        "apex": {
          "x": 11165.62548828125,
          "y": 2955.0377339702923
        },
        "left_base": {
          "x": 11143.491069793701,
          "y": 2993.3756713867188
        },
        "right_base": {
          "x": 11187.759906768799,
          "y": 2993.3756713867188
        }
      }
    }
  ],
  "canonical_side_px": 44.268836975097656,
  "geometry_only_deltas": [
    {
      "base_support": 1.0,
      "center": {
        "x": 10117.9775390625,
        "y": 2655.265625
      },
      "digit": null,
      "geometry_score": 0.9999999999999999,
      "interior_ink_ratio": 0.0,
      "score": 0.9999999999999999,
      "side_support": 1.0,
      "status": "geometry_only",
      "triangle": {
        "apex": {
          "x": 10118.1748046875,
          "y": 2631.830078125
        },
        "left_base": {
          "x": 10094.1474609375,
          "y": 2667.472412109375
        },
        "right_base": {
          "x": 10141.6103515625,
          "y": 2666.494384765625
        }
      }
    },
    {
      "base_support": 1.0,
      "center": {
        "x": 10903.8564453125,
        "y": 3950.196736653646
      },
      "digit": null,
      "geometry_score": 0.9641434262948206,
      "interior_ink_ratio": 0.035856573705179286,
      "score": 0.9641434262948206,
      "side_support": 1.0,
      "status": "geometry_only",
      "triangle": {
        "apex": {
          "x": 10903.8505859375,
          "y": 3925.5679931640625
        },
        "left_base": {
          "x": 10880.587890625,
          "y": 3962.573974609375
        },
        "right_base": {
          "x": 10927.130859375,
          "y": 3962.4482421875
        }
      }
    },
    {
      "base_support": 1.0,
      "center": {
        "x": 5464.163330078125,
        "y": 5596.121256510417
      },
      "digit": null,
      "geometry_score": 0.9591078066914498,
      "interior_ink_ratio": 0.040892193308550186,
      "score": 0.9591078066914498,
      "side_support": 1.0,
      "status": "geometry_only",
      "triangle": {
        "apex": {
          "x": 5464.129150390625,
          "y": 5570.58251953125
        },
        "left_base": {
          "x": 5440.5048828125,
          "y": 5608.7880859375
        },
        "right_base": {
          "x": 5487.85595703125,
          "y": 5608.9931640625
        }
      }
    },
    {
      "base_support": 1.0,
      "center": {
        "x": 6814.163330078125,
        "y": 5596.121256510417
      },
      "digit": null,
      "geometry_score": 0.9591078066914498,
      "interior_ink_ratio": 0.040892193308550186,
      "score": 0.9591078066914498,
      "side_support": 1.0,
      "status": "geometry_only",
      "triangle": {
        "apex": {
          "x": 6814.129150390625,
          "y": 5570.58251953125
        },
        "left_base": {
          "x": 6790.5048828125,
          "y": 5608.7880859375
        },
        "right_base": {
          "x": 6837.85595703125,
          "y": 5608.9931640625
        }
      }
    },
    {
      "base_support": 1.0,
      "center": {
        "x": 3604.3746337890625,
        "y": 4847.445541043483
      },
      "digit": null,
      "geometry_score": 0.9423403365375118,
      "interior_ink_ratio": 0.02834008097165992,
      "score": 0.9423403365375118,
      "side_support": 1.0,
      "status": "geometry_only",
      "triangle": {
        "apex": {
          "x": 3604.3746337890625,
          "y": 4821.886916099199
        },
        "left_base": {
          "x": 3582.2402153015137,
          "y": 4860.224853515625
        },
        "right_base": {
          "x": 3626.5090522766113,
          "y": 4860.224853515625
        }
      }
    },
    {
      "base_support": 1.0,
      "center": {
        "x": 10099.375,
        "y": 3439.6376797153575
      },
      "digit": null,
      "geometry_score": 0.8987107452748919,
      "interior_ink_ratio": 0.0782608695652174,
      "score": 0.8987107452748919,
      "side_support": 0.9642857142857143,
      "status": "geometry_only",
      "triangle": {
        "apex": {
          "x": 10099.375,
          "y": 3414.0790547710735
        },
        "left_base": {
          "x": 10077.240581512451,
          "y": 3452.4169921875
        },
        "right_base": {
          "x": 10121.509418487549,
          "y": 3452.4169921875
        }
      }
    },
    {
      "base_support": 0.75,
      "center": {
        "x": 10750.419270833334,
        "y": 3253.341064453125
      },
      "digit": null,
      "geometry_score": 0.8904993917436977,
      "interior_ink_ratio": 0.0,
      "score": 0.8904993917436977,
      "side_support": 1.0,
      "status": "geometry_only",
      "triangle": {
        "apex": {
          "x": 10752.0341796875,
          "y": 3234.3583984375
        },
        "left_base": {
          "x": 10731.2822265625,
          "y": 3270.652099609375
        },
        "right_base": {
          "x": 10767.94140625,
          "y": 3255.0126953125
        }
      }
    }
  ],
  "historical_deltas": [],
  "page_index": 197,
  "pdf_path": "F:\\Desktop\\m\\projects\\drawing_revision\\revision_sets\\Revision #3 - EHRM Drawings\\260313 - VA Biloxi Rev 3.pdf",
  "target_digit": null
}