{
  "active_deltas": [
    {
      "base_support": 1.0,
      "center": {
        "x": 11784.028361775667,
        "y": 1502.5528581332344
      },
      "digit": "1",
      "geometry_score": 0.9999999999999999,
      "interior_ink_ratio": 0.0,
      "score": 1.1199999999999999,
      "side_support": 1.0,
      "status": "active",
      "triangle": {
        "apex": {
          "x": 11783.906961238918,
          "y": 1433.5876515481405
        },
        "left_base": {
          "x": 11724.158878538014,
          "y": 1537.0354614257812
        },
        "right_base": {
          "x": 11844.019245550073,
          "y": 1537.0354614257812
        }
      }
    },
    {
      "base_support": 1.0,
      "center": {
        "x": 9257.719299256476,
        "y": 1550.226567994184
      },
      "digit": "1",
      "geometry_score": 0.9999999999999999,
      "interior_ink_ratio": 0.0,
      "score": 1.1199999999999999,
      "side_support": 1.0,
      "status": "active",
      "triangle": {
        "apex": {
          "x": 9257.87696132125,
          "y": 1480.9745037872403
        },
        "left_base": {
          "x": 9197.56334715576,
          "y": 1584.8526000976562
        },
        "right_base": {
          "x": 9317.71758929242,
          "y": 1584.8526000976562
        }
      }
    },
    {
      "base_support": 1.0,
      "center": {
        "x": 2045.0420701526102,
        "y": 3925.992524989622
      },
      "digit": "1",
      "geometry_score": 0.9999999999999999,
      "interior_ink_ratio": 0.0,
      "score": 1.1199999999999999,
      "side_support": 1.0,
      "status": "active",
      "triangle": {
        "apex": {
          "x": 2044.885553144177,
          "y": 3857.012731218865
        },
        "left_base": {
          "x": 1985.2431798155585,
          "y": 3960.482421875
        },
        "right_base": {
          "x": 2104.997477498096,
          "y": 3960.482421875
        }
      }
    },
    {
      "base_support": 1.0,
      "center": {
        "x": 7637.04041945189,
        "y": 1492.0910648636825
      },
      "digit": "1",
      "geometry_score": 0.9999999999999999,
      "interior_ink_ratio": 0.0,
      "score": 1.1199999999999999,
      "side_support": 1.0,
      "status": "active",
      "triangle": {
        "apex": {
          "x": 7636.861378587046,
          "y": 1423.0617688097977
        },
        "left_base": {
          "x": 7577.143701751465,
          "y": 1526.605712890625
        },
        "right_base": {
          "x": 7697.116178017158,
          "y": 1526.605712890625
        }
      }
    },
    {
      "base_support": 1.0,
      "center": {
        "x": 3011.875,
        "y": 1017.5257545880327
      },
      "digit": "1",
      "geometry_score": 0.9954365537701516,
      "interior_ink_ratio": 0.0,
      "score": 1.1154365537701516,
      "side_support": 1.0,
      "status": "active",
      "triangle": {
        "apex": {
          "x": 3011.875,
          "y": 948.5057305609729
        },
        "left_base": {
          "x": 2952.101905822754,
          "y": 1052.0357666015625
        },
        "right_base": {
          "x": 3071.648094177246,
          "y": 1052.0357666015625
        }
      }
    },
    {
      "base_support": 1.0,
      "center": {
        "x": 11316.875,
        "y": 3790.62963642397
      },
      "digit": "1",
      "geometry_score": 0.9954365537701516,
      "interior_ink_ratio": 0.0,
      "score": 1.1154365537701516,
      "side_support": 1.0,
      "status": "active",
      "triangle": {
        "apex": {
          "x": 11316.875,
          "y": 3721.6096123969105
        },
        "left_base": {
          "x": 11257.101905822754,
          "y": 3825.1396484375
        },
        "right_base": {
          "x": 11376.648094177246,
          "y": 3825.1396484375
        }
      }
    },
    {
      "base_support": 1.0,
      "center": {
        "x": 2719.9991455078125,
        "y": 1863.8623939923293
      },
      "digit": "1",
      "geometry_score": 0.9920487675589716,
      "interior_ink_ratio": 0.008746355685131196,
      "score": 1.1120487675589716,
      "side_support": 1.0,
      "status": "active",
      "triangle": {
        "apex": {
          "x": 2719.9991455078125,
          "y": 1794.8423699652697
        },
        "left_base": {
          "x": 2660.2260513305664,
          "y": 1898.3724060058594
        },
        "right_base": {
          "x": 2779.7722396850586,
          "y": 1898.3724060058594
        }
      }
    },
    {
      "base_support": 1.0,
      "center": {
        "x": 3811.87451171875,
        "y": 1332.5114418438918
      },
      "digit": "2",
      "geometry_score": 0.9814285714285714,
      "interior_ink_ratio": 0.0,
      "score": 1.1014285714285714,
      "side_support": 0.9642857142857143,
      "status": "active",
      "triangle": {
        "apex": {
          "x": 3811.87451171875,
          "y": 1263.4914178168322
        },
        "left_base": {
          "x": 3752.101417541504,
          "y": 1367.0214538574219
        },
        "right_base": {
          "x": 3871.647605895996,
          "y": 1367.0214538574219
        }
      }
    },
    {
      "base_support": 1.0,
      "center": {
        "x": 6209.373779296875,
        "y": 3875.4280373028764
      },
      "digit": "1",
      "geometry_score": 0.9814285714285714,
      "interior_ink_ratio": 0.0,
      "score": 1.1014285714285714,
      "side_support": 0.9642857142857143,
      "status": "active",
      "triangle": {
        "apex": {
          "x": 6209.373779296875,
          "y": 3806.4080132758168
        },
        "left_base": {
          "x": 6149.600685119629,
          "y": 3909.9380493164062
        },
        "right_base": {
          "x": 6269.146873474121,
          "y": 3909.9380493164062
        }
      }
    },
    {
      "base_support": 0.9166666666666666,
      "center": {
        "x": 2161.4940592447915,
        "y": 6593.9462890625
      },
      "digit": "1",
      "geometry_score": 0.846980319803198,
      "interior_ink_ratio": 0.009686346863468635,
      "score": 0.966980319803198,
      "side_support": 1.0,
      "status": "active",
      "triangle": {
        "apex": {
          "x": 2159.73828125,
          "y": 6524.73974609375
        },
        "left_base": {
          "x": 2101.2353515625,
          "y": 6627.228515625
        },
        "right_base": {
          "x": 2223.508544921875,
          "y": 6629.87060546875
        }
      }
    }
  ],
  "canonical_side_px": 119.54618835449219,
  "geometry_only_deltas": [],
  "historical_deltas": [],
  "page_index": 7,
  "pdf_path": "F:\\Desktop\\m\\projects\\drawing_revision\\revision_sets\\Revision #2 - Mod 5 grab bar supports\\260309 - Drawing Rev2- Steel Grab Bars.pdf",
  "target_digit": null
}