{
  "active_deltas": [
    {
      "base_support": 1.0,
      "center": {
        "x": 2482.499755859375,
        "y": 1471.924596641591
      },
      "digit": "2",
      "geometry_score": 0.9917591950034699,
      "interior_ink_ratio": 0.009064885496183206,
      "score": 1.11175919500347,
      "side_support": 1.0,
      "status": "active",
      "triangle": {
        "apex": {
          "x": 2482.499755859375,
          "y": 1402.642564338836
        },
        "left_base": {
          "x": 2422.499755859375,
          "y": 1506.5656127929688
        },
        "right_base": {
          "x": 2542.499755859375,
          "y": 1506.5656127929688
        }
      }
    }
  ],
  "canonical_side_px": 120.0,
  "geometry_only_deltas": [],
  "historical_deltas": [],
  "page_index": 0,
  "pdf_path": "F:\\Desktop\\m\\projects\\drawing_revision\\revision_sets\\Revision #2 - Mod 5 grab bar supports\\Drawing Rev2- Steel Grab Bars AE107.pdf",
  "target_digit": null
}