{
  "active_deltas": [
    {
      "base_support": 1.0,
      "center": {
        "x": 8060.624755859375,
        "y": 1459.772215159706
      },
      "digit": "1",
      "geometry_score": 0.9946035699460357,
      "interior_ink_ratio": 0.005936073059360731,
      "score": 1.1146035699460357,
      "side_support": 1.0,
      "status": "active",
      "triangle": {
        "apex": {
          "x": 8060.624755859375,
          "y": 1392.0776318072433
        },
        "left_base": {
          "x": 8001.999526977539,
          "y": 1493.6195068359375
        },
        "right_base": {
          "x": 8119.249984741211,
          "y": 1493.6195068359375
        }
      }
    },
    {
      "base_support": 1.0,
      "center": {
        "x": 10380.0,
        "y": 4430.195432933143
      },
      "digit": "1",
      "geometry_score": 0.9783055286090545,
      "interior_ink_ratio": 0.022737608003638016,
      "score": 1.0983055286090546,
      "side_support": 1.0,
      "status": "active",
      "triangle": {
        "apex": {
          "x": 10380.0,
          "y": 4362.500849580681
        },
        "left_base": {
          "x": 10321.374771118164,
          "y": 4464.042724609375
        },
        "right_base": {
          "x": 10438.625228881836,
          "y": 4464.042724609375
        }
      }
    },
    {
      "base_support": 1.0,
      "center": {
        "x": 1949.9957885742188,
        "y": 3933.8643172104876
      },
      "digit": "1",
      "geometry_score": 0.9690126904405537,
      "interior_ink_ratio": 0.012540640966093822,
      "score": 1.0890126904405537,
      "side_support": 0.9642857142857143,
      "status": "active",
      "triangle": {
        "apex": {
          "x": 1949.9957885742188,
          "y": 3866.1697338580248
        },
        "left_base": {
          "x": 1891.3705596923828,
          "y": 3967.7116088867188
        },
        "right_base": {
          "x": 2008.6210174560547,
          "y": 3967.7116088867188
        }
      }
    },
    {
      "base_support": 0.8333333333333334,
      "center": {
        "x": 9447.240397135416,
        "y": 1502.697509765625
      },
      "digit": "1",
      "geometry_score": 0.950106039649608,
      "interior_ink_ratio": 0.003227293683725219,
      "score": 1.070106039649608,
      "side_support": 1.0,
      "status": "active",
      "triangle": {
        "apex": {
          "x": 9448.93017578125,
          "y": 1433.3624267578125
        },
        "left_base": {
          "x": 9385.35546875,
          "y": 1538.7069091796875
        },
        "right_base": {
          "x": 9507.435546875,
          "y": 1536.023193359375
        }
      }
    },
    {
      "base_support": 0.6666666666666666,
      "center": {
        "x": 7625.665120442708,
        "y": 6748.168619791667
      },
      "digit": "1",
      "geometry_score": 0.9066666666666666,
      "interior_ink_ratio": 0.0,
      "score": 1.0266666666666666,
      "side_support": 1.0,
      "status": "active",
      "triangle": {
        "apex": {
          "x": 7623.633544921875,
          "y": 6678.70654296875
        },
        "left_base": {
          "x": 7565.4931640625,
          "y": 6781.2705078125
        },
        "right_base": {
          "x": 7687.86865234375,
          "y": 6784.52880859375
        }
      }
    },
    {
      "base_support": 1.0,
      "center": {
        "x": 12023.125,
        "y": 1458.5029738266983
      },
      "digit": "1",
      "geometry_score": 0.8976344028867904,
      "interior_ink_ratio": 0.010459299681673489,
      "score": 1.0176344028867903,
      "side_support": 0.8214285714285714,
      "status": "active",
      "triangle": {
        "apex": {
          "x": 12023.125,
          "y": 1390.8083904742355
        },
        "left_base": {
          "x": 11964.499771118164,
          "y": 1492.3502655029297
        },
        "right_base": {
          "x": 12081.750228881836,
          "y": 1492.3502655029297
        }
      }
    },
    {
      "base_support": 0.6666666666666666,
      "center": {
        "x": 2983.8343912760415,
        "y": 1878.0464274088542
      },
      "digit": "1",
      "geometry_score": 0.8828368794326241,
      "interior_ink_ratio": 0.023829787234042554,
      "score": 1.0028368794326241,
      "side_support": 1.0,
      "status": "active",
      "triangle": {
        "apex": {
          "x": 2981.279052734375,
          "y": 1809.8023681640625
        },
        "left_base": {
          "x": 2924.99853515625,
          "y": 1905.9825439453125
        },
        "right_base": {
          "x": 3045.2255859375,
          "y": 1918.3543701171875
        }
      }
    },
    {
      "base_support": 0.16666666666666666,
      "center": {
        "x": 4516.096272786458,
        "y": 3941.671101888021
      },
      "digit": "1",
      "geometry_score": 0.7591549295774648,
      "interior_ink_ratio": 0.007511737089201878,
      "score": 0.8791549295774648,
      "side_support": 1.0,
      "status": "active",
      "triangle": {
        "apex": {
          "x": 4516.573486328125,
          "y": 3874.0968017578125
        },
        "left_base": {
          "x": 4457.44287109375,
          "y": 3975.95263671875
        },
        "right_base": {
          "x": 4574.2724609375,
          "y": 3974.9638671875
        }
      }
    },
    {
      "base_support": 0.125,
      "center": {
        "x": 11391.051595052084,
        "y": 3904.78466796875
      },
      "digit": "1",
      "geometry_score": 0.7453147699757868,
      "interior_ink_ratio": 0.009685230024213076,
      "score": 0.8653147699757868,
      "side_support": 1.0,
      "status": "active",
      "triangle": {
        "apex": {
          "x": 11387.64892578125,
          "y": 3842.789306640625
        },
        "left_base": {
          "x": 11339.2744140625,
          "y": 3926.817138671875
        },
        "right_base": {
          "x": 11446.2314453125,
          "y": 3944.74755859375
        }
      }
    },
    {
      "base_support": 0.08333333333333333,
      "center": {
        "x": 8534.3828125,
        "y": 3976.556844075521
      },
      "digit": "1",
      "geometry_score": 0.7376308968377397,
      "interior_ink_ratio": 0.005702436495593572,
      "score": 0.8576308968377397,
      "side_support": 1.0,
      "status": "active",
      "triangle": {
        "apex": {
          "x": 8532.751953125,
          "y": 3911.8153076171875
        },
        "left_base": {
          "x": 8479.2548828125,
          "y": 4004.305419921875
        },
        "right_base": {
          "x": 8591.1416015625,
          "y": 4013.5498046875
        }
      }
    }
  ],
  "canonical_side_px": 117.25045776367188,
  "geometry_only_deltas": [],
  "historical_deltas": [],
  "page_index": 12,
  "pdf_path": "F:\\Desktop\\m\\projects\\drawing_revision\\revision_sets\\Revision #1 - Drawing Changes\\Revision #1 - Drawing Changes.pdf",
  "target_digit": null
}