{
  "active_deltas": [
    {
      "base_support": 0.7083333333333334,
      "center": {
        "x": 5442.82421875,
        "y": 2488.1331787109375
      },
      "digit": "1",
      "geometry_score": 0.7983333333333333,
      "interior_ink_ratio": 0.0,
      "score": 0.9183333333333333,
      "side_support": 1.0,
      "status": "active",
      "triangle": {
        "apex": {
          "x": 5441.34130859375,
          "y": 2420.9136962890625
        },
        "left_base": {
          "x": 5382.54541015625,
          "y": 2521.009765625
        },
        "right_base": {
          "x": 5504.5859375,
          "y": 2522.47607421875
        }
      }
    },
    {
      "base_support": 0.08333333333333333,
      "center": {
        "x": 4106.21484375,
        "y": 2404.2018229166665
      },
      "digit": "1",
      "geometry_score": 0.7433333333333333,
      "interior_ink_ratio": 0.0,
      "score": 0.8633333333333333,
      "side_support": 1.0,
      "status": "active",
      "triangle": {
        "apex": {
          "x": 4105.811279296875,
          "y": 2337.093017578125
        },
        "left_base": {
          "x": 4047.486572265625,
          "y": 2437.226318359375
        },
        "right_base": {
          "x": 4165.3466796875,
          "y": 2438.2861328125
        }
      }
    },
    {
      "base_support": 0.08333333333333333,
      "center": {
        "x": 3449.264200846354,
        "y": 2462.2799072265625
      },
      "digit": "1",
      "geometry_score": 0.7433333333333333,
      "interior_ink_ratio": 0.0,
      "score": 0.8633333333333333,
      "side_support": 1.0,
      "status": "active",
      "triangle": {
        "apex": {
          "x": 3449.3489990234375,
          "y": 2395.6444091796875
        },
        "left_base": {
          "x": 3390.4248046875,
          "y": 2495.50927734375
        },
        "right_base": {
          "x": 3508.018798828125,
          "y": 2495.68603515625
        }
      }
    },
    {
      "base_support": 0.08333333333333333,
      "center": {
        "x": 3683.70703125,
        "y": 1866.6222127278645
      },
      "digit": "1",
      "geometry_score": 0.7433333333333333,
      "interior_ink_ratio": 0.0,
      "score": 0.8633333333333333,
      "side_support": 1.0,
      "status": "active",
      "triangle": {
        "apex": {
          "x": 3683.477783203125,
          "y": 1800.7869262695312
        },
        "left_base": {
          "x": 3625.35546875,
          "y": 1899.220458984375
        },
        "right_base": {
          "x": 3742.287841796875,
          "y": 1899.8592529296875
        }
      }
    },
    {
      "base_support": 0.08333333333333333,
      "center": {
        "x": 4796.076822916667,
        "y": 1865.4904174804688
      },
      "digit": "1",
      "geometry_score": 0.7433333333333333,
      "interior_ink_ratio": 0.0,
      "score": 0.8633333333333333,
      "side_support": 1.0,
      "status": "active",
      "triangle": {
        "apex": {
          "x": 4796.22607421875,
          "y": 1799.8085327148438
        },
        "left_base": {
          "x": 4737.6083984375,
          "y": 1898.5498046875
        },
        "right_base": {
          "x": 4854.39599609375,
          "y": 1898.1129150390625
        }
      }
    },
    {
      "base_support": 0.08333333333333333,
      "center": {
        "x": 2006.5822347005208,
        "y": 2504.030558268229
      },
      "digit": "1",
      "geometry_score": 0.7433333333333333,
      "interior_ink_ratio": 0.0,
      "score": 0.8633333333333333,
      "side_support": 1.0,
      "status": "active",
      "triangle": {
        "apex": {
          "x": 2006.8377685546875,
          "y": 2437.0823974609375
        },
        "left_base": {
          "x": 1947.713623046875,
          "y": 2537.887451171875
        },
        "right_base": {
          "x": 2065.1953125,
          "y": 2537.121826171875
        }
      }
    },
    {
      "base_support": 0.08333333333333333,
      "center": {
        "x": 3259.4234619140625,
        "y": 2549.3421630859375
      },
      "digit": "1",
      "geometry_score": 0.7433333333333333,
      "interior_ink_ratio": 0.0,
      "score": 0.8633333333333333,
      "side_support": 1.0,
      "status": "active",
      "triangle": {
        "apex": {
          "x": 3259.3704833984375,
          "y": 2483.0140380859375
        },
        "left_base": {
          "x": 3200.71044921875,
          "y": 2581.92431640625
        },
        "right_base": {
          "x": 3318.189453125,
          "y": 2583.088134765625
        }
      }
    },
    {
      "base_support": 0.08333333333333333,
      "center": {
        "x": 6363.589111328125,
        "y": 2683.3695475260415
      },
      "digit": "1",
      "geometry_score": 0.7433333333333333,
      "interior_ink_ratio": 0.0,
      "score": 0.8633333333333333,
      "side_support": 1.0,
      "status": "active",
      "triangle": {
        "apex": {
          "x": 6364.019775390625,
          "y": 2616.95947265625
        },
        "left_base": {
          "x": 6304.56103515625,
          "y": 2716.983154296875
        },
        "right_base": {
          "x": 6422.1865234375,
          "y": 2716.166015625
        }
      }
    },
    {
      "base_support": 0.08333333333333333,
      "center": {
        "x": 6909.247233072917,
        "y": 2395.347412109375
      },
      "digit": "1",
      "geometry_score": 0.7433333333333333,
      "interior_ink_ratio": 0.0,
      "score": 0.8633333333333333,
      "side_support": 1.0,
      "status": "active",
      "triangle": {
        "apex": {
          "x": 6908.84228515625,
          "y": 2328.658935546875
        },
        "left_base": {
          "x": 6850.59912109375,
          "y": 2428.110107421875
        },
        "right_base": {
          "x": 6968.30029296875,
          "y": 2429.273193359375
        }
      }
    },
    {
      "base_support": 0.08333333333333333,
      "center": {
        "x": 6135.043050130208,
        "y": 2156.6222330729165
      },
      "digit": "1",
      "geometry_score": 0.7433333333333333,
      "interior_ink_ratio": 0.0,
      "score": 0.8633333333333333,
      "side_support": 1.0,
      "status": "active",
      "triangle": {
        "apex": {
          "x": 6135.272216796875,
          "y": 2090.786865234375
        },
        "left_base": {
          "x": 6076.46240234375,
          "y": 2189.859375
        },
        "right_base": {
          "x": 6193.39453125,
          "y": 2189.220458984375
        }
      }
    },
    {
      "base_support": 0.08333333333333333,
      "center": {
        "x": 4902.484456380208,
        "y": 2395.7528483072915
      },
      "digit": "1",
      "geometry_score": 0.7283333333333333,
      "interior_ink_ratio": 0.0,
      "score": 0.8483333333333333,
      "side_support": 0.9642857142857143,
      "status": "active",
      "triangle": {
        "apex": {
          "x": 4902.248779296875,
          "y": 2330.27294921875
        },
        "left_base": {
          "x": 4843.86279296875,
          "y": 2428.55029296875
        },
        "right_base": {
          "x": 4961.341796875,
          "y": 2428.435302734375
        }
      }
    }
  ],
  "canonical_side_px": 115.12484741210938,
  "geometry_only_deltas": [],
  "historical_deltas": [],
  "page_index": 28,
  "pdf_path": "F:\\Desktop\\m\\projects\\drawing_revision\\revision_sets\\Revision #1 - Drawing Changes\\Revision #1 - Drawing Changes.pdf",
  "target_digit": null
}