{
  "active_deltas": [
    {
      "base_support": 1.0,
      "center": {
        "x": 9013.928873697916,
        "y": 2525.708699544271
      },
      "digit": "1",
      "geometry_score": 0.98567335243553,
      "interior_ink_ratio": 0.014326647564469915,
      "score": 1.10567335243553,
      "side_support": 1.0,
      "status": "active",
      "triangle": {
        "apex": {
          "x": 9013.99267578125,
          "y": 2453.4718017578125
        },
        "left_base": {
          "x": 8950.521484375,
          "y": 2561.2900390625
        },
        "right_base": {
          "x": 9077.2724609375,
          "y": 2562.3642578125
        }
      }
    }
  ],
  "canonical_side_px": 120.0,
  "geometry_only_deltas": [],
  "historical_deltas": [],
  "page_index": 8,
  "pdf_path": "F:\\Desktop\\m\\projects\\drawing_revision\\revision_sets\\Revision #1 - Drawing Changes\\Revision #1 - Drawing Changes.pdf",
  "target_digit": null
}