{
  "active_deltas": [
    {
      "base_support": 1.0,
      "center": {
        "x": 5371.25,
        "y": 3115.5483649167195
      },
      "digit": "1",
      "geometry_score": 0.9964085083658647,
      "interior_ink_ratio": 0.0,
      "score": 1.1164085083658648,
      "side_support": 1.0,
      "status": "active",
      "triangle": {
        "apex": {
          "x": 5371.25,
          "y": 3046.3606709220335
        },
        "left_base": {
          "x": 5311.331699371338,
          "y": 3150.1422119140625
        },
        "right_base": {
          "x": 5431.168300628662,
          "y": 3150.1422119140625
        }
      }
    },
    {
      "base_support": 1.0,
      "center": {
        "x": 3368.206943511963,
        "y": 1378.1137106808794
      },
      "digit": "1",
      "geometry_score": 0.9939278278972936,
      "interior_ink_ratio": 0.006679389312977099,
      "score": 1.1139278278972937,
      "side_support": 1.0,
      "status": "active",
      "triangle": {
        "apex": {
          "x": 3368.206943511963,
          "y": 1308.9260166861936
        },
        "left_base": {
          "x": 3308.288642883301,
          "y": 1412.7075576782227
        },
        "right_base": {
          "x": 3428.125244140625,
          "y": 1412.7075576782227
        }
      }
    },
    {
      "base_support": 1.0,
      "center": {
        "x": 7706.875,
        "y": 2012.4419196042193
      },
      "digit": "1",
      "geometry_score": 0.9873497255570683,
      "interior_ink_ratio": 0.008587786259541985,
      "score": 1.1073497255570683,
      "side_support": 1.0,
      "status": "active",
      "triangle": {
        "apex": {
          "x": 7706.875,
          "y": 1943.2542256095335
        },
        "left_base": {
          "x": 7646.956699371338,
          "y": 2047.0357666015625
        },
        "right_base": {
          "x": 7766.793300628662,
          "y": 2047.0357666015625
        }
      }
    },
    {
      "base_support": 1.0,
      "center": {
        "x": 4161.956699371338,
        "y": 1516.8071234616411
      },
      "digit": "1",
      "geometry_score": 0.9665717402751588,
      "interior_ink_ratio": 0.0,
      "score": 1.0865717402751587,
      "side_support": 0.9642857142857143,
      "status": "active",
      "triangle": {
        "apex": {
          "x": 4161.956699371338,
          "y": 1447.6194294669554
        },
        "left_base": {
          "x": 4102.038398742676,
          "y": 1551.4009704589844
        },
        "right_base": {
          "x": 4221.875,
          "y": 1551.4009704589844
        }
      }
    },
    {
      "base_support": 0.7916666666666666,
      "center": {
        "x": 5824.683837890625,
        "y": 1458.6012776692708
      },
      "digit": "1",
      "geometry_score": 0.922086247086247,
      "interior_ink_ratio": 0.019580419580419582,
      "score": 1.0420862470862469,
      "side_support": 1.0,
      "status": "active",
      "triangle": {
        "apex": {
          "x": 5826.557373046875,
          "y": 1389.23779296875
        },
        "left_base": {
          "x": 5762.77197265625,
          "y": 1494.890380859375
        },
        "right_base": {
          "x": 5884.72216796875,
          "y": 1491.6756591796875
        }
      }
    },
    {
      "base_support": 0.7083333333333334,
      "center": {
        "x": 3699.881306966146,
        "y": 2458.196248372396
      },
      "digit": "1",
      "geometry_score": 0.9147378277153558,
      "interior_ink_ratio": 0.0035955056179775282,
      "score": 1.0347378277153558,
      "side_support": 1.0,
      "status": "active",
      "triangle": {
        "apex": {
          "x": 3697.9918212890625,
          "y": 2388.3607177734375
        },
        "left_base": {
          "x": 3639.545654296875,
          "y": 2491.25634765625
        },
        "right_base": {
          "x": 3762.1064453125,
          "y": 2494.9716796875
        }
      }
    },
    {
      "base_support": 0.6666666666666666,
      "center": {
        "x": 12170.16796875,
        "y": 6994.973876953125
      },
      "digit": "1",
      "geometry_score": 0.8851956753464291,
      "interior_ink_ratio": 0.02147099132023755,
      "score": 1.005195675346429,
      "side_support": 1.0,
      "status": "active",
      "triangle": {
        "apex": {
          "x": 12172.0517578125,
          "y": 6925.252197265625
        },
        "left_base": {
          "x": 12108.1484375,
          "y": 7031.35986328125
        },
        "right_base": {
          "x": 12230.3037109375,
          "y": 7028.3095703125
        }
      }
    },
    {
      "base_support": 0.375,
      "center": {
        "x": 5343.429361979167,
        "y": 2668.821004231771
      },
      "digit": "1",
      "geometry_score": 0.8073529411764706,
      "interior_ink_ratio": 0.01764705882352941,
      "score": 0.9273529411764706,
      "side_support": 1.0,
      "status": "active",
      "triangle": {
        "apex": {
          "x": 5342.6279296875,
          "y": 2603.9622802734375
        },
        "left_base": {
          "x": 5286.328125,
          "y": 2696.561767578125
        },
        "right_base": {
          "x": 5401.33203125,
          "y": 2705.93896484375
        }
      }
    },
    {
      "base_support": 0.125,
      "center": {
        "x": 5403.360758463542,
        "y": 1873.4989013671875
      },
      "digit": "1",
      "geometry_score": 0.7471052631578947,
      "interior_ink_ratio": 0.007894736842105263,
      "score": 0.8671052631578947,
      "side_support": 1.0,
      "status": "active",
      "triangle": {
        "apex": {
          "x": 5403.774658203125,
          "y": 1804.5538330078125
        },
        "left_base": {
          "x": 5344.13623046875,
          "y": 1907.988037109375
        },
        "right_base": {
          "x": 5462.17138671875,
          "y": 1907.954833984375
        }
      }
    },
    {
      "base_support": 0.08333333333333333,
      "center": {
        "x": 2853.442342122396,
        "y": 1357.8386637369792
      },
      "digit": "1",
      "geometry_score": 0.7376220145379023,
      "interior_ink_ratio": 0.005711318795430945,
      "score": 0.8576220145379023,
      "side_support": 1.0,
      "status": "active",
      "triangle": {
        "apex": {
          "x": 2851.5772705078125,
          "y": 1292.929931640625
        },
        "left_base": {
          "x": 2798.633544921875,
          "y": 1384.669189453125
        },
        "right_base": {
          "x": 2910.1162109375,
          "y": 1395.9168701171875
        }
      }
    },
    {
      "base_support": 0.08333333333333333,
      "center": {
        "x": 6062.003336588542,
        "y": 2468.2027587890625
      },
      "digit": "1",
      "geometry_score": 0.733391812865497,
      "interior_ink_ratio": 0.009941520467836258,
      "score": 0.853391812865497,
      "side_support": 1.0,
      "status": "active",
      "triangle": {
        "apex": {
          "x": 6058.951416015625,
          "y": 2405.8800048828125
        },
        "left_base": {
          "x": 6009.7626953125,
          "y": 2490.846923828125
        },
        "right_base": {
          "x": 6117.2958984375,
          "y": 2507.88134765625
        }
      }
    }
  ],
  "canonical_side_px": 119.83660125732422,
  "geometry_only_deltas": [],
  "historical_deltas": [],
  "page_index": 7,
  "pdf_path": "F:\\Desktop\\m\\projects\\drawing_revision\\revision_sets\\Revision #1 - Drawing Changes\\Revision #1 - Drawing Changes.pdf",
  "target_digit": null
}