{
  "active_deltas": [
    {
      "base_support": 1.0,
      "center": {
        "x": 6547.541097005208,
        "y": 2573.5770263671875
      },
      "digit": "1",
      "geometry_score": 0.9927927927927928,
      "interior_ink_ratio": 0.007207207207207207,
      "score": 1.1127927927927928,
      "side_support": 1.0,
      "status": "active",
      "triangle": {
        "apex": {
          "x": 6546.037841796875,
          "y": 2511.8997802734375
        },
        "left_base": {
          "x": 6495.236328125,
          "y": 2604.150390625
        },
        "right_base": {
          "x": 6601.34912109375,
          "y": 2604.680908203125
        }
      }
    },
    {
      "base_support": 1.0,
      "center": {
        "x": 2243.1949462890625,
        "y": 1938.9864095052083
      },
      "digit": "1",
      "geometry_score": 0.8799999999999999,
      "interior_ink_ratio": 0.0,
      "score": 0.9999999999999999,
      "side_support": 1.0,
      "status": "active",
      "triangle": {
        "apex": {
          "x": 2243.2974853515625,
          "y": 1867.1318359375
        },
        "left_base": {
          "x": 2180.341552734375,
          "y": 1974.9241943359375
        },
        "right_base": {
          "x": 2305.94580078125,
          "y": 1974.9031982421875
        }
      }
    },
    {
      "base_support": 1.0,
      "center": {
        "x": 6100.548746445028,
        "y": 2070.6722911836337
      },
      "digit": "1",
      "geometry_score": 0.8618723952358951,
      "interior_ink_ratio": 0.02,
      "score": 0.9818723952358951,
      "side_support": 1.0,
      "status": "active",
      "triangle": {
        "apex": {
          "x": 6101.958667576146,
          "y": 2016.4299594884014
        },
        "left_base": {
          "x": 6051.192276878709,
          "y": 2097.79345703125
        },
        "right_base": {
          "x": 6148.49529488023,
          "y": 2097.79345703125
        }
      }
    },
    {
      "base_support": 1.0,
      "center": {
        "x": 5303.177920622601,
        "y": 2410.4869258114563
      },
      "digit": "1",
      "geometry_score": 0.8168425018839488,
      "interior_ink_ratio": 0.033157498116051246,
      "score": 0.9368425018839488,
      "side_support": 0.6428571428571429,
      "status": "active",
      "triangle": {
        "apex": {
          "x": 5298.843671659515,
          "y": 2356.307090910931
        },
        "left_base": {
          "x": 5260.06033544514,
          "y": 2437.5768432617188
        },
        "right_base": {
          "x": 5350.629754763149,
          "y": 2437.5768432617188
        }
      }
    },
    {
      "base_support": 0.08333333333333333,
      "center": {
        "x": 5845.0771484375,
        "y": 2104.7017211914062
      },
      "digit": "1",
      "geometry_score": 0.7133333333333333,
      "interior_ink_ratio": 0.0,
      "score": 0.8333333333333333,
      "side_support": 0.9285714285714286,
      "status": "active",
      "triangle": {
        "apex": {
          "x": 5844.22021484375,
          "y": 2039.0797729492188
        },
        "left_base": {
          "x": 5786.77734375,
          "y": 2136.818603515625
        },
        "right_base": {
          "x": 5904.23388671875,
          "y": 2138.206787109375
        }
      }
    }
  ],
  "canonical_side_px": 94.81710052490234,
  "geometry_only_deltas": [
    {
      "base_support": 1.0,
      "center": {
        "x": 4079.5047460759256,
        "y": 2187.2329026932057
      },
      "digit": null,
      "geometry_score": 0.8310050419020589,
      "interior_ink_ratio": 0.02230843840931135,
      "score": 0.8310050419020589,
      "side_support": 0.9285714285714286,
      "status": "geometry_only",
      "triangle": {
        "apex": {
          "x": 4079.522776593137,
          "y": 2137.9590230210238
        },
        "left_base": {
          "x": 4037.0706909937667,
          "y": 2211.869842529297
        },
        "right_base": {
          "x": 4121.920770640874,
          "y": 2211.869842529297
        }
      }
    },
    {
      "base_support": 1.0,
      "center": {
        "x": 6100.439459819242,
        "y": 2296.9700330079145
      },
      "digit": null,
      "geometry_score": 0.8152029826014914,
      "interior_ink_ratio": 0.0347970173985087,
      "score": 0.8152029826014914,
      "side_support": 0.9285714285714286,
      "status": "geometry_only",
      "triangle": {
        "apex": {
          "x": 6099.270161371368,
          "y": 2245.348087304993
        },
        "left_base": {
          "x": 6057.593466667767,
          "y": 2322.781005859375
        },
        "right_base": {
          "x": 6144.454751418591,
          "y": 2322.781005859375
        }
      }
    }
  ],
  "historical_deltas": [],
  "page_index": 31,
  "pdf_path": "F:\\Desktop\\m\\projects\\drawing_revision\\revision_sets\\Revision #1 - Drawing Changes\\Revision #1 - Drawing Changes.pdf",
  "target_digit": null
}