{
  "active_deltas": [
    {
      "base_support": 0.875,
      "center": {
        "x": 10558.996757688588,
        "y": 2389.727214399962
      },
      "digit": "1",
      "geometry_score": 0.8112206572769953,
      "interior_ink_ratio": 0.018779342723004695,
      "score": 0.9312206572769953,
      "side_support": 0.6785714285714286,
      "status": "active",
      "triangle": {
        "apex": {
          "x": 10556.769486914374,
          "y": 2343.457033824886
        },
        "left_base": {
          "x": 10523.55368875461,
          "y": 2412.8623046875
        },
        "right_base": {
          "x": 10596.667097396781,
          "y": 2412.8623046875
        }
      }
    }
  ],
  "canonical_side_px": 120.0,
  "geometry_only_deltas": [],
  "historical_deltas": [],
  "page_index": 43,
  "pdf_path": "F:\\Desktop\\m\\projects\\drawing_revision\\revision_sets\\Revision #1 - Drawing Changes\\Revision #1 - Drawing Changes.pdf",
  "target_digit": null
}