{
  "active_deltas": [
    {
      "base_support": 1.0,
      "center": {
        "x": 7694.647120964524,
        "y": 1344.8921023609066
      },
      "digit": "4",
      "geometry_score": 0.9522131147540984,
      "interior_ink_ratio": 0.03278688524590164,
      "score": 1.0722131147540983,
      "side_support": 0.9642857142857143,
      "status": "active",
      "triangle": {
        "apex": {
          "x": 7693.503427118321,
          "y": 1284.807990432329
        },
        "left_base": {
          "x": 7645.448343124507,
          "y": 1374.9341583251953
        },
        "right_base": {
          "x": 7744.989592650744,
          "y": 1374.9341583251953
        }
      }
    },
    {
      "base_support": 0.9166666666666666,
      "center": {
        "x": 7818.258087275021,
        "y": 1345.3032004795004
      },
      "digit": "5",
      "geometry_score": 0.939570707070707,
      "interior_ink_ratio": 0.022095959595959596,
      "score": 1.059570707070707,
      "side_support": 0.9642857142857143,
      "status": "active",
      "triangle": {
        "apex": {
          "x": 7818.347660474904,
          "y": 1283.9661199931888
        },
        "left_base": {
          "x": 7769.406486049104,
          "y": 1375.9717407226562
        },
        "right_base": {
          "x": 7867.020115301055,
          "y": 1375.9717407226562
        }
      }
    },
    {
      "base_support": 0.875,
      "center": {
        "x": 8066.5380982130155,
        "y": 1345.6491245286877
      },
      "digit": "7",
      "geometry_score": 0.9378714372346877,
      "interior_ink_ratio": 0.01212856276531231,
      "score": 1.0578714372346876,
      "side_support": 0.9642857142857143,
      "status": "active",
      "triangle": {
        "apex": {
          "x": 8067.684735441024,
          "y": 1284.978806691532
        },
        "left_base": {
          "x": 8015.1985391133785,
          "y": 1375.9842834472656
        },
        "right_base": {
          "x": 8116.731020084645,
          "y": 1375.9842834472656
        }
      }
    },
    {
      "base_support": 0.9166666666666666,
      "center": {
        "x": 7943.945617675781,
        "y": 1345.9172249751766
      },
      "digit": "6",
      "geometry_score": 0.9349142038162332,
      "interior_ink_ratio": 0.028080229226361032,
      "score": 1.0549142038162334,
      "side_support": 0.9642857142857143,
      "status": "active",
      "triangle": {
        "apex": {
          "x": 7943.945617675781,
          "y": 1285.7901270739674
        },
        "left_base": {
          "x": 7891.8740234375,
          "y": 1375.9807739257812
        },
        "right_base": {
          "x": 7996.0172119140625,
          "y": 1375.9807739257812
        }
      }
    },
    {
      "base_support": 0.08333333333333333,
      "center": {
        "x": 1303.2947387695312,
        "y": 1573.2845052083333
      },
      "digit": "7",
      "geometry_score": 0.7433333333333333,
      "interior_ink_ratio": 0.0,
      "score": 0.8633333333333333,
      "side_support": 1.0,
      "status": "active",
      "triangle": {
        "apex": {
          "x": 1303.3040161132812,
          "y": 1506.8399658203125
        },
        "left_base": {
          "x": 1244.528076171875,
          "y": 1606.240234375
        },
        "right_base": {
          "x": 1362.0521240234375,
          "y": 1606.7733154296875
        }
      }
    },
    {
      "base_support": 0.5,
      "center": {
        "x": 7570.149853623049,
        "y": 1345.630354307781
      },
      "digit": "3",
      "geometry_score": 0.712265009096422,
      "interior_ink_ratio": 0.012734990903577926,
      "score": 0.832265009096422,
      "side_support": 0.9642857142857143,
      "status": "active",
      "triangle": {
        "apex": {
          "x": 7568.905250993636,
          "y": 1284.921336360843
        },
        "left_base": {
          "x": 7520.331797271446,
          "y": 1375.98486328125
        },
        "right_base": {
          "x": 7621.212512604064,
          "y": 1375.98486328125
        }
      }
    }
  ],
  "canonical_side_px": 104.1431884765625,
  "geometry_only_deltas": [],
  "historical_deltas": [],
  "page_index": 1,
  "pdf_path": "F:\\Desktop\\m\\projects\\drawing_revision\\revision_sets\\Revision #7 - RFI 141 - Deteriorated Attic Wood\\Revision Set #7.pdf",
  "target_digit": null
}