{
  "active_deltas": [
    {
      "base_support": 1.0,
      "center": {
        "x": 6986.25244140625,
        "y": 6578.186316646997
      },
      "digit": "1",
      "geometry_score": 0.9969003232520038,
      "interior_ink_ratio": 0.0034096444227959084,
      "score": 1.1169003232520038,
      "side_support": 1.0,
      "status": "active",
      "triangle": {
        "apex": {
          "x": 6986.25244140625,
          "y": 6509.081777089427
        },
        "left_base": {
          "x": 6926.406154632568,
          "y": 6612.738586425781
        },
        "right_base": {
          "x": 7046.098728179932,
          "y": 6612.738586425781
        }
      }
    },
    {
      "base_support": 1.0,
      "center": {
        "x": 4582.5,
        "y": 6015.282691158715
      },
      "digit": "1",
      "geometry_score": 0.9938006465040075,
      "interior_ink_ratio": 0.006819288845591817,
      "score": 1.1138006465040076,
      "side_support": 1.0,
      "status": "active",
      "triangle": {
        "apex": {
          "x": 4582.5,
          "y": 5946.178151601146
        },
        "left_base": {
          "x": 4522.653713226318,
          "y": 6049.8349609375
        },
        "right_base": {
          "x": 4642.346286773682,
          "y": 6049.8349609375
        }
      }
    },
    {
      "base_support": 1.0,
      "center": {
        "x": 5814.999755859375,
        "y": 5637.1738349575435
      },
      "digit": "1",
      "geometry_score": 0.991432178932179,
      "interior_ink_ratio": 0.009424603174603174,
      "score": 1.111432178932179,
      "side_support": 1.0,
      "status": "active",
      "triangle": {
        "apex": {
          "x": 5814.999755859375,
          "y": 5568.069295399974
        },
        "left_base": {
          "x": 5755.153469085693,
          "y": 5671.726104736328
        },
        "right_base": {
          "x": 5874.846042633057,
          "y": 5671.726104736328
        }
      }
    },
    {
      "base_support": 1.0,
      "center": {
        "x": 12016.25,
        "y": 3541.621375240747
      },
      "digit": "1",
      "geometry_score": 0.9856870229007634,
      "interior_ink_ratio": 0.015744274809160304,
      "score": 1.1056870229007634,
      "side_support": 1.0,
      "status": "active",
      "triangle": {
        "apex": {
          "x": 12016.25,
          "y": 3472.5168356831773
        },
        "left_base": {
          "x": 11956.403713226318,
          "y": 3576.1736450195312
        },
        "right_base": {
          "x": 12076.096286773682,
          "y": 3576.1736450195312
        }
      }
    },
    {
      "base_support": 1.0,
      "center": {
        "x": 3696.2501220703125,
        "y": 7231.542456783715
      },
      "digit": "1",
      "geometry_score": 0.9835370317200489,
      "interior_ink_ratio": 0.01431297709923664,
      "score": 1.103537031720049,
      "side_support": 1.0,
      "status": "active",
      "triangle": {
        "apex": {
          "x": 3696.2501220703125,
          "y": 7162.437917226146
        },
        "left_base": {
          "x": 3636.403835296631,
          "y": 7266.0947265625
        },
        "right_base": {
          "x": 3756.096408843994,
          "y": 7266.0947265625
        }
      }
    },
    {
      "base_support": 1.0,
      "center": {
        "x": 1831.8743896484375,
        "y": 5587.997718014184
      },
      "digit": "1",
      "geometry_score": 0.9708454810495627,
      "interior_ink_ratio": 0.03206997084548105,
      "score": 1.0908454810495627,
      "side_support": 1.0,
      "status": "active",
      "triangle": {
        "apex": {
          "x": 1831.8743896484375,
          "y": 5518.893178456615
        },
        "left_base": {
          "x": 1772.0281028747559,
          "y": 5622.549987792969
        },
        "right_base": {
          "x": 1891.7206764221191,
          "y": 5622.549987792969
        }
      }
    },
    {
      "base_support": 0.75,
      "center": {
        "x": 8517.610188802084,
        "y": 6102.442138671875
      },
      "digit": "1",
      "geometry_score": 0.9183251010327795,
      "interior_ink_ratio": 0.011674898967220475,
      "score": 1.0383251010327794,
      "side_support": 1.0,
      "status": "active",
      "triangle": {
        "apex": {
          "x": 8519.41748046875,
          "y": 6032.921630859375
        },
        "left_base": {
          "x": 8455.39453125,
          "y": 6138.71875
        },
        "right_base": {
          "x": 8578.0185546875,
          "y": 6135.68603515625
        }
      }
    },
    {
      "base_support": 0.6666666666666666,
      "center": {
        "x": 1250.604227701823,
        "y": 6767.45849609375
      },
      "digit": "1",
      "geometry_score": 0.8884763681592039,
      "interior_ink_ratio": 0.018190298507462687,
      "score": 1.008476368159204,
      "side_support": 1.0,
      "status": "active",
      "triangle": {
        "apex": {
          "x": 1248.7221069335938,
          "y": 6698.49951171875
        },
        "left_base": {
          "x": 1190.404296875,
          "y": 6800.49658203125
        },
        "right_base": {
          "x": 1312.686279296875,
          "y": 6803.37939453125
        }
      }
    },
    {
      "base_support": 0.625,
      "center": {
        "x": 6025.144856770833,
        "y": 6615.3896484375
      },
      "digit": "1",
      "geometry_score": 0.8808823529411764,
      "interior_ink_ratio": 0.01411764705882353,
      "score": 1.0008823529411766,
      "side_support": 1.0,
      "status": "active",
      "triangle": {
        "apex": {
          "x": 6026.58935546875,
          "y": 6546.75830078125
        },
        "left_base": {
          "x": 5963.74365234375,
          "y": 6650.98046875
        },
        "right_base": {
          "x": 6085.1015625,
          "y": 6648.43017578125
        }
      }
    },
    {
      "base_support": 1.0,
      "center": {
        "x": 6779.375244140625,
        "y": 3493.101050533716
      },
      "digit": "1",
      "geometry_score": 0.8630603747397642,
      "interior_ink_ratio": 0.007633587786259542,
      "score": 0.9830603747397642,
      "side_support": 0.75,
      "status": "active",
      "triangle": {
        "apex": {
          "x": 6779.375244140625,
          "y": 3423.996510976146
        },
        "left_base": {
          "x": 6719.528957366943,
          "y": 3527.6533203125
        },
        "right_base": {
          "x": 6839.221530914307,
          "y": 3527.6533203125
        }
      }
    },
    {
      "base_support": 0.08333333333333333,
      "center": {
        "x": 10084.162109375,
        "y": 3564.3452962239585
      },
      "digit": "1",
      "geometry_score": 0.7328244837758112,
      "interior_ink_ratio": 0.010508849557522125,
      "score": 0.8528244837758112,
      "side_support": 1.0,
      "status": "active",
      "triangle": {
        "apex": {
          "x": 10086.927734375,
          "y": 3500.96875
        },
        "left_base": {
          "x": 10028.65625,
          "y": 3602.707763671875
        },
        "right_base": {
          "x": 10136.90234375,
          "y": 3589.359375
        }
      }
    }
  ],
  "canonical_side_px": 119.69257354736328,
  "geometry_only_deltas": [],
  "historical_deltas": [],
  "page_index": 18,
  "pdf_path": "F:\\Desktop\\m\\projects\\drawing_revision\\revision_sets\\Revision #1 - Drawing Changes\\Revision #1 - Drawing Changes.pdf",
  "target_digit": null
}