{
  "active_deltas": [
    {
      "base_support": 1.0,
      "center": {
        "x": 2910.2723795572915,
        "y": 2369.4984130859375
      },
      "digit": "1",
      "geometry_score": 0.9999999999999999,
      "interior_ink_ratio": 0.0,
      "score": 1.1199999999999999,
      "side_support": 1.0,
      "status": "active",
      "triangle": {
        "apex": {
          "x": 2910.413818359375,
          "y": 2297.6273193359375
        },
        "left_base": {
          "x": 2846.872314453125,
          "y": 2407.43798828125
        },
        "right_base": {
          "x": 2973.531005859375,
          "y": 2403.429931640625
        }
      }
    },
    {
      "base_support": 1.0,
      "center": {
        "x": 8005.53915008256,
        "y": 2489.4277402102903
      },
      "digit": "1",
      "geometry_score": 0.9895165987186954,
      "interior_ink_ratio": 0.010483401281304601,
      "score": 1.1095165987186952,
      "side_support": 1.0,
      "status": "active",
      "triangle": {
        "apex": {
          "x": 8006.421464736853,
          "y": 2428.5176566660266
        },
        "left_base": {
          "x": 7953.592540610628,
          "y": 2519.882781982422
        },
        "right_base": {
          "x": 8056.603444900198,
          "y": 2519.882781982422
        }
      }
    },
    {
      "base_support": 1.0,
      "center": {
        "x": 4188.45654296875,
        "y": 2477.011922200521
      },
      "digit": "1",
      "geometry_score": 0.985,
      "interior_ink_ratio": 0.0,
      "score": 1.105,
      "side_support": 0.9642857142857143,
      "status": "active",
      "triangle": {
        "apex": {
          "x": 4188.19189453125,
          "y": 2410.0452880859375
        },
        "left_base": {
          "x": 4125.07421875,
          "y": 2509.774169921875
        },
        "right_base": {
          "x": 4252.103515625,
          "y": 2511.21630859375
        }
      }
    },
    {
      "base_support": 1.0,
      "center": {
        "x": 4408.530680338542,
        "y": 2476.787353515625
      },
      "digit": "1",
      "geometry_score": 0.985,
      "interior_ink_ratio": 0.0,
      "score": 1.105,
      "side_support": 0.9642857142857143,
      "status": "active",
      "triangle": {
        "apex": {
          "x": 4408.204345703125,
          "y": 2410.3037109375
        },
        "left_base": {
          "x": 4345.45361328125,
          "y": 2509.993408203125
        },
        "right_base": {
          "x": 4471.93408203125,
          "y": 2510.06494140625
        }
      }
    },
    {
      "base_support": 1.0,
      "center": {
        "x": 7158.607991536458,
        "y": 2431.702840169271
      },
      "digit": "1",
      "geometry_score": 0.9730033745781776,
      "interior_ink_ratio": 0.02699662542182227,
      "score": 1.0930033745781778,
      "side_support": 1.0,
      "status": "active",
      "triangle": {
        "apex": {
          "x": 7157.380615234375,
          "y": 2368.7972412109375
        },
        "left_base": {
          "x": 7105.5244140625,
          "y": 2463.067626953125
        },
        "right_base": {
          "x": 7212.9189453125,
          "y": 2463.24365234375
        }
      }
    },
    {
      "base_support": 0.875,
      "center": {
        "x": 9780.211751302084,
        "y": 2421.634806315104
      },
      "digit": "1",
      "geometry_score": 0.965,
      "interior_ink_ratio": 0.0,
      "score": 1.085,
      "side_support": 1.0,
      "status": "active",
      "triangle": {
        "apex": {
          "x": 9779.36767578125,
          "y": 2353.6597900390625
        },
        "left_base": {
          "x": 9717.97265625,
          "y": 2453.751708984375
        },
        "right_base": {
          "x": 9843.294921875,
          "y": 2457.492919921875
        }
      }
    },
    {
      "base_support": 1.0,
      "center": {
        "x": 3091.8426106770835,
        "y": 2435.7073974609375
      },
      "digit": "1",
      "geometry_score": 0.8562760603882099,
      "interior_ink_ratio": 0.02372393961179008,
      "score": 0.9762760603882099,
      "side_support": 1.0,
      "status": "active",
      "triangle": {
        "apex": {
          "x": 3090.81298828125,
          "y": 2380.2840576171875
        },
        "left_base": {
          "x": 3044.288818359375,
          "y": 2463.07568359375
        },
        "right_base": {
          "x": 3140.426025390625,
          "y": 2463.762451171875
        }
      }
    },
    {
      "base_support": 0.08333333333333333,
      "center": {
        "x": 3419.19091796875,
        "y": 2312.7547200520835
      },
      "digit": "1",
      "geometry_score": 0.7322222222222222,
      "interior_ink_ratio": 0.011111111111111112,
      "score": 0.8522222222222222,
      "side_support": 1.0,
      "status": "active",
      "triangle": {
        "apex": {
          "x": 3422.130615234375,
          "y": 2250.12744140625
        },
        "left_base": {
          "x": 3365.3193359375,
          "y": 2351.698974609375
        },
        "right_base": {
          "x": 3470.122802734375,
          "y": 2336.437744140625
        }
      }
    },
    {
      "base_support": 0.08333333333333333,
      "center": {
        "x": 9879.08935546875,
        "y": 2320.8461100260415
      },
      "digit": "1",
      "geometry_score": 0.7308035003977724,
      "interior_ink_ratio": 0.012529832935560859,
      "score": 0.8508035003977724,
      "side_support": 1.0,
      "status": "active",
      "triangle": {
        "apex": {
          "x": 9878.75634765625,
          "y": 2257.91748046875
        },
        "left_base": {
          "x": 9827.056640625,
          "y": 2351.2548828125
        },
        "right_base": {
          "x": 9931.455078125,
          "y": 2353.365966796875
        }
      }
    },
    {
      "base_support": 0.08333333333333333,
      "center": {
        "x": 11380.259114583334,
        "y": 2824.356486002604
      },
      "digit": "1",
      "geometry_score": 0.7199734923790589,
      "interior_ink_ratio": 0.023359840954274354,
      "score": 0.8399734923790589,
      "side_support": 1.0,
      "status": "active",
      "triangle": {
        "apex": {
          "x": 11380.263671875,
          "y": 2757.5789794921875
        },
        "left_base": {
          "x": 11324.599609375,
          "y": 2857.53125
        },
        "right_base": {
          "x": 11435.9140625,
          "y": 2857.959228515625
        }
      }
    }
  ],
  "canonical_side_px": 105.97958374023438,
  "geometry_only_deltas": [
    {
      "base_support": 1.0,
      "center": {
        "x": 2176.251138102863,
        "y": 2383.726121246329
      },
      "digit": null,
      "geometry_score": 0.9631277340332459,
      "interior_ink_ratio": 0.021872265966754154,
      "score": 0.9631277340332459,
      "side_support": 0.9642857142857143,
      "status": "geometry_only",
      "triangle": {
        "apex": {
          "x": 2176.3124552306813,
          "y": 2333.625202117893
        },
        "left_base": {
          "x": 2132.7733622765973,
          "y": 2408.776580810547
        },
        "right_base": {
          "x": 2219.6675968013105,
          "y": 2408.776580810547
        }
      }
    },
    {
      "base_support": 1.0,
      "center": {
        "x": 1365.7919780618024,
        "y": 2675.2398526285015
      },
      "digit": null,
      "geometry_score": 0.8799999999999999,
      "interior_ink_ratio": 0.0,
      "score": 0.8799999999999999,
      "side_support": 1.0,
      "status": "geometry_only",
      "triangle": {
        "apex": {
          "x": 1365.8705605491618,
          "y": 2645.786086205817
        },
        "left_base": {
          "x": 1341.6081450287352,
          "y": 2689.9667358398438
        },
        "right_base": {
          "x": 1389.897228607511,
          "y": 2689.9667358398438
        }
      }
    },
    {
      "base_support": 1.0,
      "center": {
        "x": 6227.469717291909,