{
  "active_deltas": [
    {
      "base_support": 1.0,
      "center": {
        "x": 7090.386555989583,
        "y": 4700.105305989583
      },
      "digit": "1",
      "geometry_score": 0.8575491113189897,
      "interior_ink_ratio": 0.02245088868101029,
      "score": 0.9775491113189897,
      "side_support": 1.0,
      "status": "active",
      "triangle": {
        "apex": {
          "x": 7090.29248046875,
          "y": 4655.3876953125
        },
        "left_base": {
          "x": 7050.20068359375,
          "y": 4722.353515625
        },
        "right_base": {
          "x": 7130.66650390625,
          "y": 4722.57470703125
        }
      }
    }
  ],
  "canonical_side_px": 120.0,
  "geometry_only_deltas": [],
  "historical_deltas": [],
  "page_index": 42,
  "pdf_path": "F:\\Desktop\\m\\projects\\drawing_revision\\revision_sets\\Revision #1 - Drawing Changes\\Revision #1 - Drawing Changes.pdf",
  "target_digit": null
}