{
  "active_deltas": [
    {
      "base_support": 1.0,
      "center": {
        "x": 8482.5009765625,
        "y": 4439.367012691724
      },
      "digit": "1",
      "geometry_score": 0.9951290793960059,
      "interior_ink_ratio": 0.00535801266439357,
      "score": 1.1151290793960058,
      "side_support": 1.0,
      "status": "active",
      "triangle": {
        "apex": {
          "x": 8482.5009765625,
          "y": 4370.483362293922
        },
        "left_base": {
          "x": 8422.845985412598,
          "y": 4473.808837890625
        },
        "right_base": {
          "x": 8542.155967712402,
          "y": 4473.808837890625
        }
      }
    },
    {
      "base_support": 1.0,
      "center": {
        "x": 8498.75,
        "y": 774.1768195154546
      },
      "digit": "1",
      "geometry_score": 0.9905303030303031,
      "interior_ink_ratio": 0.010416666666666666,
      "score": 1.110530303030303,
      "side_support": 1.0,
      "status": "active",
      "triangle": {
        "apex": {
          "x": 8498.75,
          "y": 705.293169117653
        },
        "left_base": {
          "x": 8439.095008850098,
          "y": 808.6186447143555
        },
        "right_base": {
          "x": 8558.404991149902,
          "y": 808.6186447143555
        }
      }
    },
    {
      "base_support": 1.0,
      "center": {
        "x": 11842.5,
        "y": 6794.600899410474
      },
      "digit": "1",
      "geometry_score": 0.9886815155930928,
      "interior_ink_ratio": 0.009064885496183206,
      "score": 1.108681515593093,
      "side_support": 1.0,
      "status": "active",
      "triangle": {
        "apex": {
          "x": 11842.5,
          "y": 6725.717249012672
        },
        "left_base": {
          "x": 11782.845008850098,
          "y": 6829.042724609375
        },
        "right_base": {
          "x": 11902.154991149902,
          "y": 6829.042724609375
        }
      }
    },
    {
      "base_support": 1.0,
      "center": {
        "x": 8498.75048828125,
        "y": 3085.4930502893803
      },
      "digit": "1",
      "geometry_score": 0.9882756132756133,
      "interior_ink_ratio": 0.012896825396825396,
      "score": 1.1082756132756133,
      "side_support": 1.0,
      "status": "active",
      "triangle": {
        "apex": {
          "x": 8498.75048828125,
          "y": 3016.6093998915785
        },
        "left_base": {
          "x": 8439.095497131348,
          "y": 3119.9348754882812
        },
        "right_base": {
          "x": 8558.405479431152,
          "y": 3119.9348754882812
        }
      }
    },
    {
      "base_support": 1.0,
      "center": {
        "x": 4559.376708984375,
        "y": 3551.5545737268803
      },
      "digit": "1",
      "geometry_score": 0.9880441039720144,
      "interior_ink_ratio": 0.013151485630784217,
      "score": 1.1080441039720144,
      "side_support": 1.0,
      "status": "active",
      "triangle": {
        "apex": {
          "x": 4559.376708984375,
          "y": 3482.6709233290785
        },
        "left_base": {
          "x": 4499.721717834473,
          "y": 3585.9963989257812
        },
        "right_base": {
          "x": 4619.031700134277,
          "y": 3585.9963989257812
        }
      }
    },
    {
      "base_support": 1.0,
      "center": {
        "x": 645.0006103515625,
        "y": 3416.5226523401616
      },
      "digit": "1",
      "geometry_score": 0.9402272727272728,
      "interior_ink_ratio": 0.004464285714285714,
      "score": 1.0602272727272728,
      "side_support": 0.8928571428571429,
      "status": "active",
      "triangle": {
        "apex": {
          "x": 645.0006103515625,
          "y": 3347.6390019423598
        },
        "left_base": {
          "x": 585.3456192016602,
          "y": 3450.9644775390625
        },
        "right_base": {
          "x": 704.6556015014648,
          "y": 3450.9644775390625
        }
      }
    },
    {
      "base_support": 1.0,
      "center": {
        "x": 640.2796859741211,
        "y": 806.9562766077397
      },
      "digit": "1",
      "geometry_score": 0.9255209644728376,
      "interior_ink_ratio": 0.011408730158730158,
      "score": 1.0455209644728376,
      "side_support": 0.9285714285714286,
      "status": "active",
      "triangle": {
        "apex": {
          "x": 640.2796859741211,
          "y": 738.0726262099381
        },
        "left_base": {
          "x": 580.6246948242188,
          "y": 841.3981018066406
        },
        "right_base": {
          "x": 699.9346771240234,
          "y": 841.3981018066406
        }
      }
    },
    {
      "base_support": 0.7083333333333334,
      "center": {
        "x": 8483.387369791666,
        "y": 4786.152669270833
      },
      "digit": "1",
      "geometry_score": 0.9104300325430034,
      "interior_ink_ratio": 0.00790330079033008,
      "score": 1.0304300325430034,
      "side_support": 1.0,
      "status": "active",
      "triangle": {
        "apex": {
          "x": 8481.673828125,
          "y": 4716.5849609375
        },
        "left_base": {
          "x": 8423.546875,
          "y": 4819.6171875
        },
        "right_base": {
          "x": 8544.94140625,
          "y": 4822.255859375
        }
      }
    },
    {
      "base_support": 0.6666666666666666,
      "center": {
        "x": 640.3355611165365,
        "y": 2363.398640950521
      },
      "digit": "1",
      "geometry_score": 0.8982828753299177,
      "interior_ink_ratio": 0.008383791336748951,
      "score": 1.0182828753299176,
      "side_support": 1.0,
      "status": "active",
      "triangle": {
        "apex": {
          "x": 638.3393249511719,
          "y": 2292.1282958984375
        },
        "left_base": {
          "x": 580.5887451171875,
          "y": 2396.854248046875
        },
        "right_base": {
          "x": 702.07861328125,
          "y": 2401.21337890625
        }
      }
    },
    {
      "base_support": 0.5416666666666666,
      "center": {
        "x": 8542.939615885416,
        "y": 7356.971842447917
      },
      "digit": "1",
      "geometry_score": 0.8596795758414015,
      "interior_ink_ratio": 0.0119870908252651,
      "score": 0.9796795758414015,
      "side_support": 1.0,
      "status": "active",
      "triangle": {
        "apex": {
          "x": 8544.41650390625,
          "y": 7287.9208984375
        },
        "left_base": {
          "x": 8481.3837890625,
          "y": 7392.30859375
        },
        "right_base": {
          "x": 8603.0185546875,
          "y": 7390.68603515625
        }
      }
    },
    {
      "base_support": 1.0,
      "center": {
        "x": 8485.625,
        "y": 6817.269478512037
      },
      "digit": "1",
      "geometry_score": 0.8173587591171615,
      "interior_ink_ratio": 0.017048222113979543,
      "score": 0.9373587591171615,
      "side_support": 0.6785714285714286,
      "status": "active",
      "triangle": {
        "apex": {
          "x": 8485.625,
          "y": 6748.385828114235
        },
        "left_base": {
          "x": 8425.970008850098,
          "y": 6851.7113037109375
        },
        "right_base": {
          "x": 8545.279991149902,
          "y": 6851.7113037109375
        }
      }
    },
    {
      "base_support": 0.6666666666666666,
      "center": {
        "x": 4566.218912760417,
        "y": 794.7179260253906
      },
      "digit": "1",
      "geometry_score": 0.7776017811704835,
      "interior_ink_ratio": 0.009064885496183206,
      "score": 0.8976017811704835,
      "side_support": 1.0,
      "status": "active",
      "triangle": {
        "apex": {
          "x": 4563.9990234375,
          "y": 726.0821838378906
        },
        "left_base": {
          "x": 4506.59765625,
          "y": 826.7144165039062
        },
        "right_base": {
          "x": 4628.06005859375,
          "y": 831.357177734375
        }
      }
    }
  ],
  "canonical_side_px": 119.30998229980469,
  "geometry_only_deltas": [],