{
  "active_deltas": [
    {
      "base_support": 1.0,
      "center": {
        "x": 7992.047944259742,
        "y": 4059.5156791935538
      },
      "digit": "1",
      "geometry_score": 0.941687898089172,
      "interior_ink_ratio": 0.04331210191082802,
      "score": 1.061687898089172,
      "side_support": 0.9642857142857143,
      "status": "active",
      "triangle": {
        "apex": {
          "x": 7991.93954381834,
          "y": 4017.661051252536
        },
        "left_base": {
          "x": 7955.923224696283,
          "y": 4080.4429931640625
        },
        "right_base": {
          "x": 8028.281064264599,
          "y": 4080.4429931640625
        }
      }
    },
    {
      "base_support": 1.0,
      "center": {
        "x": 4766.4309422973165,
        "y": 4046.155853257466
      },
      "digit": "1",
      "geometry_score": 0.9397293972939729,
      "interior_ink_ratio": 0.06027060270602706,
      "score": 1.0597293972939728,
      "side_support": 1.0,
      "status": "active",
      "triangle": {
        "apex": {
          "x": 4766.477069561382,
          "y": 4003.7705382880235
        },
        "left_base": {
          "x": 4729.891237585087,
          "y": 4067.3485107421875
        },
        "right_base": {
          "x": 4802.924519745479,
          "y": 4067.3485107421875
        }
      }
    },
    {
      "base_support": 1.0,
      "center": {
        "x": 2793.820904979715,
        "y": 4065.3644215630993
      },
      "digit": "1",
      "geometry_score": 0.9388535031847133,
      "interior_ink_ratio": 0.061146496815286625,
      "score": 1.0588535031847133,
      "side_support": 1.0,
      "status": "active",
      "triangle": {
        "apex": {
          "x": 2793.6654627652665,
          "y": 4023.3010283611725
        },
        "left_base": {
          "x": 2757.6447369139087,
          "y": 4086.3961181640625
        },
        "right_base": {
          "x": 2830.15251525997,
          "y": 4086.3961181640625
        }
      }
    },
    {
      "base_support": 1.0,
      "center": {
        "x": 10945.837012400973,
        "y": 1023.4241143083632
      },
      "digit": "1",
      "geometry_score": 0.9385573122529645,
      "interior_ink_ratio": 0.046442687747035576,
      "score": 1.0585573122529643,
      "side_support": 0.9642857142857143,
      "status": "active",
      "triangle": {
        "apex": {
          "x": 10945.901270309152,
          "y": 977.4434855032146
        },
        "left_base": {
          "x": 10906.033452260006,
          "y": 1046.4144287109375
        },
        "right_base": {
          "x": 10985.576314633754,
          "y": 1046.4144287109375
        }
      }
    },
    {
      "base_support": 0.9583333333333334,
      "center": {
        "x": 10016.629194481617,
        "y": 4043.433118645515
      },
      "digit": "1",
      "geometry_score": 0.9370849759088918,
      "interior_ink_ratio": 0.051248357424441525,
      "score": 1.0570849759088918,
      "side_support": 1.0,
      "status": "active",
      "triangle": {
        "apex": {
          "x": 10016.737894083757,
          "y": 4001.527139139672
        },
        "left_base": {
          "x": 9980.432585386212,
          "y": 4064.3861083984375
        },
        "right_base": {
          "x": 10052.717103974877,
          "y": 4064.3861083984375
        }
      }
    },
    {
      "base_support": 0.9166666666666666,
      "center": {
        "x": 9549.521332347753,
        "y": 569.8575690177246
      },
      "digit": "1",
      "geometry_score": 0.8749138991389913,
      "interior_ink_ratio": 0.026752767527675275,
      "score": 0.9949138991389913,
      "side_support": 0.8214285714285714,
      "status": "active",
      "triangle": {
        "apex": {
          "x": 9549.354972574929,
          "y": 520.8062275609864
        },
        "left_base": {
          "x": 9506.982443855339,
          "y": 594.3832397460938
        },
        "right_base": {
          "x": 9592.226580612993,
          "y": 594.3832397460938
        }
      }
    }
  ],
  "canonical_side_px": 73.04400634765625,
  "geometry_only_deltas": [],
  "historical_deltas": [],
  "page_index": 48,
  "pdf_path": "F:\\Desktop\\m\\projects\\drawing_revision\\revision_sets\\Revision #1 - Drawing Changes\\Revision #1 - Drawing Changes.pdf",
  "target_digit": null
}