{
  "active_deltas": [
    {
      "base_support": 1.0,
      "center": {
        "x": 5917.499267578125,
        "y": 1484.0109896369402
      },
      "digit": "1",
      "geometry_score": 0.9926266481609993,
      "interior_ink_ratio": 0.008110687022900763,
      "score": 1.1126266481609992,
      "side_support": 1.0,
      "status": "active",
      "triangle": {
        "apex": {
          "x": 5917.499267578125,
          "y": 1414.4126991354294
        },
        "left_base": {
          "x": 5857.225379943848,
          "y": 1518.8101348876953
        },
        "right_base": {
          "x": 5977.773155212402,
          "y": 1518.8101348876953
        }
      }
    },
    {
      "base_support": 1.0,
      "center": {
        "x": 3678.125,
        "y": 2556.720019788307
      },
      "digit": "1",
      "geometry_score": 0.9893449260537869,
      "interior_ink_ratio": 0.011720581340834505,
      "score": 1.1093449260537869,
      "side_support": 1.0,
      "status": "active",
      "triangle": {
        "apex": {
          "x": 3678.125,
          "y": 2487.121729286797
        },
        "left_base": {
          "x": 3617.8511123657227,
          "y": 2591.5191650390625
        },
        "right_base": {
          "x": 3738.3988876342773,
          "y": 2591.5191650390625
        }
      }
    },
    {
      "base_support": 1.0,
      "center": {
        "x": 5027.5,
        "y": 2004.0166659064714
      },
      "digit": "1",
      "geometry_score": 0.988289382373352,
      "interior_ink_ratio": 0.012881679389312978,
      "score": 1.108289382373352,
      "side_support": 1.0,
      "status": "active",
      "triangle": {
        "apex": {
          "x": 5027.5,
          "y": 1934.4183754049607
        },
        "left_base": {
          "x": 4967.226112365723,
          "y": 2038.8158111572266
        },
        "right_base": {
          "x": 5087.773887634277,
          "y": 2038.8158111572266
        }
      }
    },
    {
      "base_support": 1.0,
      "center": {
        "x": 8512.824869791666,
        "y": 1831.8076578776042
      },
      "digit": "1",
      "geometry_score": 0.9868852459016393,
      "interior_ink_ratio": 0.013114754098360656,
      "score": 1.1068852459016392,
      "side_support": 1.0,
      "status": "active",
      "triangle": {
        "apex": {
          "x": 8512.8115234375,
          "y": 1759.9259033203125
        },
        "left_base": {
          "x": 8449.51171875,
          "y": 1868.20361328125
        },
        "right_base": {
          "x": 8576.1513671875,
          "y": 1867.29345703125
        }
      }
    },
    {
      "base_support": 1.0,
      "center": {
        "x": 11992.852088928223,
        "y": 6258.451831311744
      },
      "digit": "1",
      "geometry_score": 0.9716546119524218,
      "interior_ink_ratio": 0.0018373909049150207,
      "score": 1.0916546119524217,
      "side_support": 1.0,
      "status": "active",
      "triangle": {
        "apex": {
          "x": 11992.852088928223,
          "y": 6188.853540810234
        },
        "left_base": {
          "x": 11932.578201293945,
          "y": 6293.2509765625
        },
        "right_base": {
          "x": 12053.1259765625,
          "y": 6293.2509765625
        }
      }
    },
    {
      "base_support": 0.9166666666666666,
      "center": {
        "x": 3912.6497395833335,
        "y": 1595.1893513997395
      },
      "digit": "1",
      "geometry_score": 0.967516339869281,
      "interior_ink_ratio": 0.009150326797385621,
      "score": 1.087516339869281,
      "side_support": 1.0,
      "status": "active",
      "triangle": {
        "apex": {
          "x": 3914.043701171875,
          "y": 1524.9871215820312
        },
        "left_base": {
          "x": 3850.575927734375,
          "y": 1631.3243408203125
        },
        "right_base": {
          "x": 3973.32958984375,
          "y": 1629.256591796875
        }
      }
    },
    {
      "base_support": 1.0,
      "center": {
        "x": 8277.852088928223,
        "y": 3748.450976819557
      },
      "digit": "1",
      "geometry_score": 0.9641549059762259,
      "interior_ink_ratio": 0.007349563619660083,
      "score": 1.0841549059762259,
      "side_support": 1.0,
      "status": "active",
      "triangle": {
        "apex": {
          "x": 8277.852088928223,
          "y": 3678.852686318047
        },
        "left_base": {
          "x": 8217.578201293945,
          "y": 3783.2501220703125
        },
        "right_base": {
          "x": 8338.1259765625,
          "y": 3783.2501220703125
        }
      }
    }
  ],
  "canonical_side_px": 120.54777526855469,
  "geometry_only_deltas": [],
  "historical_deltas": [],
  "page_index": 10,
  "pdf_path": "F:\\Desktop\\m\\projects\\drawing_revision\\revision_sets\\Revision #1 - Drawing Changes\\Revision #1 - Drawing Changes.pdf",
  "target_digit": null
}