{
  "active_deltas": [
    {
      "base_support": 1.0,
      "center": {
        "x": 2160.2108561197915,
        "y": 6593.626790364583
      },
      "digit": "1",
      "geometry_score": 0.9847144006436042,
      "interior_ink_ratio": 0.015285599356395816,
      "score": 1.104714400643604,
      "side_support": 1.0,
      "status": "active",
      "triangle": {
        "apex": {
          "x": 2160.368408203125,
          "y": 6520.99267578125
        },
        "left_base": {
          "x": 2096.755615234375,
          "y": 6630.01708984375
        },
        "right_base": {
          "x": 2223.508544921875,
          "y": 6629.87060546875
        }
      }
    },
    {
      "base_support": 0.9166666666666666,
      "center": {
        "x": 11314.97412109375,
        "y": 3790.406209309896
      },
      "digit": "1",
      "geometry_score": 0.9733081444164567,
      "interior_ink_ratio": 0.0033585222502099076,
      "score": 1.0933081444164567,
      "side_support": 1.0,
      "status": "active",
      "triangle": {
        "apex": {
          "x": 11315.94091796875,
          "y": 3722.1912841796875
        },
        "left_base": {
          "x": 11253.482421875,
          "y": 3825.829833984375
        },
        "right_base": {
          "x": 11375.4990234375,
          "y": 3823.197509765625
        }
      }
    },
    {
      "base_support": 1.0,
      "center": {
        "x": 2720.0,
        "y": 1864.4275345329045
      },
      "digit": "1",
      "geometry_score": 0.963924963924964,
      "interior_ink_ratio": 0.03968253968253968,
      "score": 1.083924963924964,
      "side_support": 1.0,
      "status": "active",
      "triangle": {
        "apex": {
          "x": 2720.0,
          "y": 1795.8553498755691
        },
        "left_base": {
          "x": 2660.61474609375,
          "y": 1898.7136268615723
        },
        "right_base": {
          "x": 2779.38525390625,
          "y": 1898.7136268615723
        }
      }
    },
    {
      "base_support": 0.75,
      "center": {
        "x": 8378.020345052084,
        "y": 6327.094075520833
      },
      "digit": "1",
      "geometry_score": 0.9290583804143125,
      "interior_ink_ratio": 0.0009416195856873823,
      "score": 1.0490583804143125,
      "side_support": 1.0,
      "status": "active",
      "triangle": {
        "apex": {
          "x": 8379.41845703125,
          "y": 6258.55322265625
        },
        "left_base": {
          "x": 8316.2646484375,
          "y": 6363.50048828125
        },
        "right_base": {
          "x": 8438.3779296875,
          "y": 6359.228515625
        }
      }
    },
    {
      "base_support": 1.0,
      "center": {
        "x": 7636.23974609375,
        "y": 1493.4755043510197
      },
      "digit": "1",
      "geometry_score": 0.8645887445887447,
      "interior_ink_ratio": 0.005952380952380952,
      "score": 0.9845887445887447,
      "side_support": 0.75,
      "status": "active",
      "triangle": {
        "apex": {
          "x": 7636.23974609375,
          "y": 1424.9033196936844
        },
        "left_base": {
          "x": 7576.8544921875,
          "y": 1527.7615966796875
        },
        "right_base": {
          "x": 7695.625,
          "y": 1527.7615966796875
        }
      }
    },
    {
      "base_support": 0.5,
      "center": {
        "x": 9256.337565104166,
        "y": 1548.6491292317708
      },
      "digit": "1",
      "geometry_score": 0.8484686346863469,
      "interior_ink_ratio": 0.011531365313653136,
      "score": 0.9684686346863469,
      "side_support": 1.0,
      "status": "active",
      "triangle": {
        "apex": {
          "x": 9258.17578125,
          "y": 1479.205322265625
        },
        "left_base": {
          "x": 9194.5947265625,
          "y": 1584.50244140625
        },
        "right_base": {
          "x": 9316.2421875,
          "y": 1582.2396240234375
        }
      }
    },
    {
      "base_support": 1.0,
      "center": {
        "x": 11782.48974609375,
        "y": 1502.7476601127385
      },
      "digit": "1",
      "geometry_score": 0.8113664463491385,
      "interior_ink_ratio": 0.0,
      "score": 0.9313664463491385,
      "side_support": 0.6785714285714286,
      "status": "active",
      "triangle": {
        "apex": {
          "x": 11782.48974609375,
          "y": 1434.175475455403
        },
        "left_base": {
          "x": 11723.1044921875,
          "y": 1537.0337524414062
        },
        "right_base": {
          "x": 11841.875,
          "y": 1537.0337524414062
        }
      }
    },
    {
      "base_support": 0.2916666666666667,
      "center": {
        "x": 6212.44384765625,
        "y": 3870.0215657552085
      },
      "digit": "1",
      "geometry_score": 0.7896906187624751,
      "interior_ink_ratio": 0.011976047904191617,
      "score": 0.9096906187624751,
      "side_support": 1.0,
      "status": "active",
      "triangle": {
        "apex": {
          "x": 6209.7392578125,
          "y": 3800.99169921875
        },
        "left_base": {
          "x": 6154.69677734375,
          "y": 3900.09423828125
        },
        "right_base": {
          "x": 6272.8955078125,
          "y": 3908.978759765625
        }
      }
    },
    {
      "base_support": 0.08333333333333333,
      "center": {
        "x": 8683.493326822916,
        "y": 3925.769287109375
      },
      "digit": "1",
      "geometry_score": 0.7376865160848733,
      "interior_ink_ratio": 0.005646817248459959,
      "score": 0.8576865160848733,
      "side_support": 1.0,
      "status": "active",
      "triangle": {
        "apex": {
          "x": 8681.55810546875,
          "y": 3860.54296875
        },
        "left_base": {
          "x": 8628.658203125,
          "y": 3953.4306640625
        },
        "right_base": {
          "x": 8740.263671875,
          "y": 3963.334228515625
        }
      }
    },
    {
      "base_support": 0.08333333333333333,
      "center": {
        "x": 4629.351481119792,
        "y": 3918.3579915364585
      },
      "digit": "1",
      "geometry_score": 0.7354281949934124,
      "interior_ink_ratio": 0.007905138339920948,
      "score": 0.8554281949934124,
      "side_support": 1.0,
      "status": "active",
      "triangle": {
        "apex": {
          "x": 4627.638427734375,
          "y": 3854.3828125
        },
        "left_base": {
          "x": 4575.17578125,
          "y": 3944.843994140625
        },
        "right_base": {
          "x": 4685.240234375,
          "y": 3955.84716796875
        }
      }
    }
  ],
  "canonical_side_px": 118.7705078125,
  "geometry_only_deltas": [],
  "historical_deltas": [],
  "page_index": 11,
  "pdf_path": "F:\\Desktop\\m\\projects\\drawing_revision\\revision_sets\\Revision #1 - Drawing Changes\\Revision #1 - Drawing Changes.pdf",
  "target_digit": null
}