{
  "active_deltas": [
    {
      "base_support": 1.0,
      "center": {
        "x": 6675.625,
        "y": 5857.074956749013
      },
      "digit": "1",
      "geometry_score": 0.9956627342123526,
      "interior_ink_ratio": 0.004770992366412214,
      "score": 1.1156627342123526,
      "side_support": 1.0,
      "status": "active",
      "triangle": {
        "apex": {
          "x": 6675.625,
          "y": 5787.792924446258
        },
        "left_base": {
          "x": 6615.625,
          "y": 5891.715972900391
        },
        "right_base": {
          "x": 6735.625,
          "y": 5891.715972900391
        }
      }
    },
    {
      "base_support": 0.7083333333333334,
      "center": {
        "x": 6671.480673807883,
        "y": 3375.3088703241847
      },
      "digit": "1",
      "geometry_score": 0.7728803716608594,
      "interior_ink_ratio": 0.010452961672473868,
      "score": 0.8928803716608594,
      "side_support": 0.9642857142857143,
      "status": "active",
      "triangle": {
        "apex": {
          "x": 6671.3921978449525,
          "y": 3318.2934322616156
        },
        "left_base": {
          "x": 6622.1558474446365,
          "y": 3403.8165893554688
        },
        "right_base": {
          "x": 6720.893976134059,
          "y": 3403.8165893554688
        }
      }
    }
  ],
  "canonical_side_px": 120.0,
  "geometry_only_deltas": [],
  "historical_deltas": [],
  "page_index": 15,
  "pdf_path": "F:\\Desktop\\m\\projects\\drawing_revision\\revision_sets\\Revision #1 - Drawing Changes\\Revision #1 - Drawing Changes.pdf",
  "target_digit": null
}