{
  "active_deltas": [
    {
      "base_support": 1.0,
      "center": {
        "x": 2670.62060546875,
        "y": 6176.232541664627
      },
      "digit": "1",
      "geometry_score": 0.9913254684247051,
      "interior_ink_ratio": 0.009541984732824428,
      "score": 1.1113254684247051,
      "side_support": 1.0,
      "status": "active",
      "triangle": {
        "apex": {
          "x": 2670.62060546875,
          "y": 6106.725823236071
        },
        "left_base": {
          "x": 2610.4260215759277,
          "y": 6210.985900878906
        },
        "right_base": {
          "x": 2730.8151893615723,
          "y": 6210.985900878906
        }
      }
    },
    {
      "base_support": 1.0,
      "center": {
        "x": 2427.586466471354,
        "y": 6319.29345703125
      },
      "digit": "1",
      "geometry_score": 0.9906731549067315,
      "interior_ink_ratio": 0.00932684509326845,
      "score": 1.1106731549067315,
      "side_support": 1.0,
      "status": "active",
      "triangle": {
        "apex": {
          "x": 2427.6976318359375,
          "y": 6246.90625
        },
        "left_base": {
          "x": 2364.00146484375,
          "y": 6354.880859375
        },
        "right_base": {
          "x": 2491.060302734375,
          "y": 6356.09326171875
        }
      }
    },
    {
      "base_support": 1.0,
      "center": {
        "x": 4787.5,
        "y": 2335.664289101151
      },
      "digit": "1",
      "geometry_score": 0.9891568355308814,
      "interior_ink_ratio": 0.011927480916030535,
      "score": 1.1091568355308814,
      "side_support": 1.0,
      "status": "active",
      "triangle": {
        "apex": {
          "x": 4787.5,
          "y": 2266.1575706725944
        },
        "left_base": {
          "x": 4727.305416107178,
          "y": 2370.4176483154297
        },
        "right_base": {
          "x": 4847.694583892822,
          "y": 2370.4176483154297
        }
      }
    },
    {
      "base_support": 1.0,
      "center": {
        "x": 6505.0,
        "y": 6191.955625160721
      },
      "digit": "1",
      "geometry_score": 0.9867877083066957,
      "interior_ink_ratio": 0.014533520862634786,
      "score": 1.1067877083066957,
      "side_support": 1.0,
      "status": "active",
      "triangle": {
        "apex": {
          "x": 6505.0,
          "y": 6122.448906732165
        },
        "left_base": {
          "x": 6444.805416107178,
          "y": 6226.708984375
        },
        "right_base": {
          "x": 6565.194583892822,
          "y": 6226.708984375
        }
      }
    },
    {
      "base_support": 1.0,
      "center": {
        "x": 6826.85595703125,
        "y": 6280.528564453125
      },
      "digit": "1",
      "geometry_score": 0.9862327909887358,
      "interior_ink_ratio": 0.01376720901126408,
      "score": 1.1062327909887357,
      "side_support": 1.0,
      "status": "active",
      "triangle": {
        "apex": {
          "x": 6826.95849609375,
          "y": 6208.408935546875
        },
        "left_base": {
          "x": 6763.64306640625,
          "y": 6317.17138671875
        },
        "right_base": {
          "x": 6889.96630859375,
          "y": 6316.00537109375
        }
      }
    },
    {
      "base_support": 0.9166666666666666,
      "center": {
        "x": 11699.598307291666,
        "y": 2853.8452962239585
      },
      "digit": "1",
      "geometry_score": 0.9662137049941928,
      "interior_ink_ratio": 0.010452961672473868,
      "score": 1.0862137049941927,
      "side_support": 1.0,
      "status": "active",
      "triangle": {
        "apex": {
          "x": 11699.2568359375,
          "y": 2785.28173828125
        },
        "left_base": {
          "x": 11640.3974609375,
          "y": 2887.993896484375
        },
        "right_base": {
          "x": 11759.140625,
          "y": 2888.26025390625
        }
      }
    },
    {
      "base_support": 1.0,
      "center": {
        "x": 1657.9306602478027,
        "y": 3387.291440590409
      },
      "digit": "1",
      "geometry_score": 0.7895470500519549,
      "interior_ink_ratio": 0.02939825447864033,
      "score": 0.9095470500519549,
      "side_support": 0.6785714285714286,
      "status": "active",
      "triangle": {
        "apex": {
          "x": 1657.9306602478027,
          "y": 3317.784722161852
        },
        "left_base": {
          "x": 1597.7360763549805,
          "y": 3422.0447998046875
        },
        "right_base": {
          "x": 1718.125244140625,
          "y": 3422.0447998046875
        }
      }
    },
    {
      "base_support": 0.9583333333333334,
      "center": {
        "x": 5985.813724517822,
        "y": 6354.586728676346
      },
      "digit": "1",
      "geometry_score": 0.784915442379995,
      "interior_ink_ratio": 0.06091846298031865,
      "score": 0.904915442379995,
      "side_support": 0.8214285714285714,
      "status": "active",
      "triangle": {
        "apex": {
          "x": 5985.813724517822,
          "y": 6285.08001024779
        },
        "left_base": {
          "x": 5925.619140625,
          "y": 6389.340087890625
        },
        "right_base": {
          "x": 6046.0083084106445,
          "y": 6389.340087890625
        }
      }
    },
    {
      "base_support": 0.9583333333333334,
      "center": {
        "x": 5235.425045013428,
        "y": 2258.574185951737
      },
      "digit": "1",
      "geometry_score": 0.6895377894333958,
      "interior_ink_ratio": 0.050095419847328244,
      "score": 0.8095377894333958,
      "side_support": 0.6071428571428571,
      "status": "active",
      "triangle": {
        "apex": {
          "x": 5235.425045013428,
          "y": 2189.0674675231803
        },
        "left_base": {
          "x": 5175.2304611206055,
          "y": 2293.3275451660156
        },
        "right_base": {
          "x": 5295.61962890625,
          "y": 2293.3275451660156
        }
      }
    },
    {
      "base_support": 0.9166666666666666,
      "center": {
        "x": 7157.923580169678,
        "y": 5983.246396645096
      },
      "digit": "1",
      "geometry_score": 0.6630572309770217,
      "interior_ink_ratio": 0.06888472352389878,
      "score": 0.7830572309770217,
      "side_support": 0.6785714285714286,
      "status": "active",
      "triangle": {
        "apex": {
          "x": 7157.923580169678,
          "y": 5913.73967821654
        },
        "left_base": {
          "x": 7097.7289962768555,
          "y": 6017.999755859375
        },
        "right_base": {
          "x": 7218.1181640625,
          "y": 6017.999755859375
        }
      }
    }
  ],
  "canonical_side_px": 120.38916778564453,
  "geometry_only_deltas": [],
  "historical_deltas": [],
  "page_index": 17,
  "pdf_path": "F:\\Desktop\\m\\projects\\drawing_revision\\revision_sets\\Revision #1 - Drawing Changes\\Revision #1 - Drawing Changes.pdf",
  "target_digit": null
}