{
  "active_deltas": [
    {
      "base_support": 1.0,
      "center": {
        "x": 7455.85031838898,
        "y": 5091.836145163717
      },
      "digit": "1",
      "geometry_score": 0.9473983739837398,
      "interior_ink_ratio": 0.037601626016260166,
      "score": 1.0673983739837398,
      "side_support": 0.9642857142857143,
      "status": "active",
      "triangle": {
        "apex": {
          "x": 7455.881742451784,
          "y": 5046.736462834903
        },
        "left_base": {
          "x": 7416.524625927305,
          "y": 5114.385986328125
        },
        "right_base": {
          "x": 7495.144586787851,
          "y": 5114.385986328125
        }
      }
    }
  ],
  "canonical_side_px": 120.0,
  "geometry_only_deltas": [],
  "historical_deltas": [],
  "page_index": 47,
  "pdf_path": "F:\\Desktop\\m\\projects\\drawing_revision\\revision_sets\\Revision #1 - Drawing Changes\\Revision #1 - Drawing Changes.pdf",
  "target_digit": null
}