{
  "active_deltas": [
    {
      "base_support": 1.0,
      "center": {
        "x": 4824.37744140625,
        "y": 2618.1814049322415
      },
      "digit": "1",
      "geometry_score": 0.9986715671080016,
      "interior_ink_ratio": 0.0014612761811982464,
      "score": 1.1186715671080016,
      "side_support": 1.0,
      "status": "active",
      "triangle": {
        "apex": {
          "x": 4824.37744140625,
          "y": 2549.07845551938
        },
        "left_base": {
          "x": 4764.532531738281,
          "y": 2652.732879638672
        },
        "right_base": {
          "x": 4884.222351074219,
          "y": 2652.732879638672
        }
      }
    },
    {
      "base_support": 1.0,
      "center": {
        "x": 1248.7509765625,
        "y": 6360.289467676383
      },
      "digit": "1",
      "geometry_score": 0.9969003232520038,
      "interior_ink_ratio": 0.0034096444227959084,
      "score": 1.1169003232520038,
      "side_support": 1.0,
      "status": "active",
      "triangle": {
        "apex": {
          "x": 1248.7509765625,
          "y": 6291.186518263521
        },
        "left_base": {
          "x": 1188.9060668945312,
          "y": 6394.8409423828125
        },
        "right_base": {
          "x": 1308.5958862304688,
          "y": 6394.8409423828125
        }
      }
    },
    {
      "base_support": 1.0,
      "center": {
        "x": 8371.25341796875,
        "y": 5092.298806055288
      },
      "digit": "1",
      "geometry_score": 0.9955718903600054,
      "interior_ink_ratio": 0.004870920603994155,
      "score": 1.1155718903600054,
      "side_support": 1.0,
      "status": "active",
      "triangle": {
        "apex": {
          "x": 8371.25341796875,
          "y": 5023.195856642427
        },
        "left_base": {
          "x": 8311.408508300781,
          "y": 5126.850280761719
        },
        "right_base": {
          "x": 8431.098327636719,
          "y": 5126.850280761719
        }
      }
    },
    {
      "base_support": 1.0,
      "center": {
        "x": 3833.125,
        "y": 1381.5402611334132
      },
      "digit": "1",
      "geometry_score": 0.9944149856271655,
      "interior_ink_ratio": 0.0009713453132588635,
      "score": 1.1144149856271655,
      "side_support": 1.0,
      "status": "active",
      "triangle": {
        "apex": {
          "x": 3833.125,
          "y": 1312.4373117205519
        },
        "left_base": {
          "x": 3773.2800903320312,
          "y": 1416.0917358398438
        },
        "right_base": {
          "x": 3892.9699096679688,
          "y": 1416.0917358398438
        }
      }
    },
    {
      "base_support": 1.0,
      "center": {
        "x": 4820.625244140625,
        "y": 3767.1721581060697
      },
      "digit": "1",
      "geometry_score": 0.9942434574680069,
      "interior_ink_ratio": 0.0063321967851924016,
      "score": 1.114243457468007,
      "side_support": 1.0,
      "status": "active",
      "triangle": {
        "apex": {
          "x": 4820.625244140625,
          "y": 3698.069208693208
        },
        "left_base": {
          "x": 4760.780334472656,
          "y": 3801.7236328125
        },
        "right_base": {
          "x": 4880.470153808594,
          "y": 3801.7236328125
        }
      }
    },
    {
      "base_support": 1.0,
      "center": {
        "x": 1294.5309448242188,
        "y": 1767.4804924566554
      },
      "digit": "1",
      "geometry_score": 0.9939278278972936,
      "interior_ink_ratio": 0.006679389312977099,
      "score": 1.1139278278972937,
      "side_support": 1.0,
      "status": "active",
      "triangle": {
        "apex": {
          "x": 1294.5309448242188,
          "y": 1698.377543043794
        },
        "left_base": {
          "x": 1234.68603515625,
          "y": 1802.031967163086
        },
        "right_base": {
          "x": 1354.3758544921875,
          "y": 1802.031967163086
        }
      }
    },
    {
      "base_support": 1.0,
      "center": {
        "x": 1201.8757934570312,
        "y": 4437.4661644537255
      },
      "digit": "1",
      "geometry_score": 0.9938157081014224,
      "interior_ink_ratio": 0.006802721088435374,
      "score": 1.1138157081014224,
      "side_support": 1.0,
      "status": "active",
      "triangle": {
        "apex": {
          "x": 1201.8757934570312,
          "y": 4368.363215040865
        },
        "left_base": {
          "x": 1142.0308837890625,
          "y": 4472.017639160156
        },
        "right_base": {
          "x": 1261.720703125,
          "y": 4472.017639160156
        }
      }
    },
    {
      "base_support": 1.0,
      "center": {
        "x": 1227.5001220703125,
        "y": 6694.871193750601
      },
      "digit": "1",
      "geometry_score": 0.9921929215822346,
      "interior_ink_ratio": 0.008587786259541985,
      "score": 1.1121929215822346,
      "side_support": 1.0,
      "status": "active",
      "triangle": {
        "apex": {
          "x": 1227.5001220703125,
          "y": 6625.76824433774
        },
        "left_base": {
          "x": 1167.6552124023438,
          "y": 6729.422668457031
        },
        "right_base": {
          "x": 1287.3450317382812,
          "y": 6729.422668457031
        }
      }
    },
    {
      "base_support": 1.0,
      "center": {
        "x": 8345.625,
        "y": 3497.47570119689
      },
      "digit": "1",
      "geometry_score": 0.9917591950034699,
      "interior_ink_ratio": 0.009064885496183206,
      "score": 1.11175919500347,
      "side_support": 1.0,
      "status": "active",
      "triangle": {
        "apex": {
          "x": 8345.625,
          "y": 3428.3727517840284
        },
        "left_base": {
          "x": 8285.780090332031,
          "y": 3532.0271759033203
        },
        "right_base": {
          "x": 8405.469909667969,
          "y": 3532.0271759033203
        }
      }
    },
    {
      "base_support": 1.0,
      "center": {
        "x": 1255.001953125,
        "y": 7223.093178613883
      },
      "digit": "1",
      "geometry_score": 0.9907280674643473,
      "interior_ink_ratio": 0.010199125789218067,
      "score": 1.1107280674643474,
      "side_support": 1.0,
      "status": "active",
      "triangle": {
        "apex": {
          "x": 1255.001953125,
          "y": 7153.990229201021
        },
        "left_base": {
          "x": 1195.1570434570312,
          "y": 7257.6446533203125
        },
        "right_base": {
          "x": 1314.8468627929688,
          "y": 7257.6446533203125
        }
      }
    },
    {
      "base_support": 1.0,
      "center": {
        "x": 4806.719421386719,
        "y": 6793.151467188101
      },
      "digit": "1",
      "geometry_score": 0.9898153478280123,
      "interior_ink_ratio": 0.011203117389186557,
      "score": 1.1098153478280124,
      "side_support": 1.0,
      "status": "active",
      "triangle": {
        "apex": {
          "x": 4806.719421386719,
          "y": 6724.04851777524
        },
        "left_base": {
          "x": 4746.87451171875,
          "y": 6827.702941894531
        },
        "right_base": {
          "x": 4866.5643310546875,
          "y": 6827.702941894531
        }
      }
    },
    {
      "base_support": 1.0,
      "center": {
        "x": 4811.876220703125,
        "y": 2866.496926172476
      },
      "digit": "1",
      "geometry_score": 0.9889566216096829,
      "interior_ink_ratio": 0.012147716229348883,
      "score": 1.108956621609683,
      "side_support": 1.0,
      "status": "active",
      "triangle": {
        "apex": {
          "x": 4811.876220703125,
          "y": 2797.3939767596144
        },
        "left_base": {
          "x": 4752.031311035156,
          "y": 2901.0484008789062
        },
        "right_base": {
          "x": 4871.721130371094,
          "y": 2901.0484008789062
        }
      }
    },
    {
      "base_support": 1.0,
      "center": {
        "x": 10860.0,