{
  "active_deltas": [
    {
      "base_support": 0.875,
      "center": {
        "x": 10558.279062305868,
        "y": 2427.0027252288746
      },
      "digit": "1",
      "geometry_score": 0.8101104972375691,
      "interior_ink_ratio": 0.019889502762430938,
      "score": 0.9301104972375691,
      "side_support": 0.6785714285714286,
      "status": "active",
      "triangle": {
        "apex": {
          "x": 10555.760000839966,
          "y": 2380.315426663187
        },
        "left_base": {
          "x": 10522.986424519671,
          "y": 2450.3463745117188
        },
        "right_base": {
          "x": 10596.090761557965,
          "y": 2450.3463745117188
        }
      }
    }
  ],
  "canonical_side_px": 120.0,
  "geometry_only_deltas": [],
  "historical_deltas": [],
  "page_index": 44,
  "pdf_path": "F:\\Desktop\\m\\projects\\drawing_revision\\revision_sets\\Revision #1 - Drawing Changes\\Revision #1 - Drawing Changes.pdf",
  "target_digit": null
}