{
  "active_deltas": [
    {
      "base_support": 1.0,
      "center": {
        "x": 2166.907511393229,
        "y": 2404.041300455729
      },
      "digit": "1",
      "geometry_score": 0.9999999999999999,
      "interior_ink_ratio": 0.0,
      "score": 1.1199999999999999,
      "side_support": 1.0,
      "status": "active",
      "triangle": {
        "apex": {
          "x": 2166.8905029296875,
          "y": 2331.2479248046875
        },
        "left_base": {
          "x": 2103.9482421875,
          "y": 2439.841552734375
        },
        "right_base": {
          "x": 2229.8837890625,
          "y": 2441.034423828125
        }
      }
    },
    {
      "base_support": 1.0,
      "center": {
        "x": 4013.02880859375,
        "y": 2433.9368489583335
      },
      "digit": "1",
      "geometry_score": 0.9985387238188017,
      "interior_ink_ratio": 0.0014612761811982464,
      "score": 1.1185387238188018,
      "side_support": 1.0,
      "status": "active",
      "triangle": {
        "apex": {
          "x": 4012.6943359375,
          "y": 2365.245849609375
        },
        "left_base": {
          "x": 3953.0068359375,
          "y": 2468.05712890625
        },
        "right_base": {
          "x": 4073.38525390625,
          "y": 2468.507568359375
        }
      }
    },
    {
      "base_support": 1.0,
      "center": {
        "x": 2423.139119466146,
        "y": 2433.791056315104
      },
      "digit": "1",
      "geometry_score": 0.9971374045801527,
      "interior_ink_ratio": 0.0028625954198473282,
      "score": 1.1171374045801525,
      "side_support": 1.0,
      "status": "active",
      "triangle": {
        "apex": {
          "x": 2422.9747314453125,
          "y": 2364.7728271484375
        },
        "left_base": {
          "x": 2363.062255859375,
          "y": 2468.089111328125
        },
        "right_base": {
          "x": 2483.38037109375,
          "y": 2468.51123046875
        }
      }
    },
    {
      "base_support": 1.0,
      "center": {
        "x": 9884.725038280792,
        "y": 2381.0567970966435
      },
      "digit": "1",
      "geometry_score": 0.991111111111111,
      "interior_ink_ratio": 0.008888888888888889,
      "score": 1.1111111111111112,
      "side_support": 1.0,
      "status": "active",
      "triangle": {
        "apex": {
          "x": 9883.794995806646,
          "y": 2316.6566888973516
        },
        "left_base": {
          "x": 9827.863780615126,
          "y": 2413.256851196289
        },
        "right_base": {
          "x": 9942.516338420612,
          "y": 2413.256851196289
        }
      }
    },
    {
      "base_support": 1.0,
      "center": {
        "x": 8115.463297526042,
        "y": 2385.4658203125
      },
      "digit": "1",
      "geometry_score": 0.9847328244274809,
      "interior_ink_ratio": 0.015267175572519083,
      "score": 1.1047328244274808,
      "side_support": 1.0,
      "status": "active",
      "triangle": {
        "apex": {
          "x": 8116.324951171875,
          "y": 2332.428955078125
        },
        "left_base": {
          "x": 8069.59716796875,
          "y": 2412.00244140625
        },
        "right_base": {
          "x": 8160.4677734375,
          "y": 2411.966064453125
        }
      }
    },
    {
      "base_support": 0.75,
      "center": {
        "x": 9326.930989583334,
        "y": 2379.1514892578125
      },
      "digit": "1",
      "geometry_score": 0.8686571172784244,
      "interior_ink_ratio": 0.0013428827215756492,
      "score": 0.9886571172784244,
      "side_support": 0.8571428571428571,
      "status": "active",
      "triangle": {
        "apex": {
          "x": 9323.732421875,
          "y": 2312.9483642578125
        },
        "left_base": {
          "x": 9269.34375,
          "y": 2410.607177734375
        },
        "right_base": {
          "x": 9387.716796875,
          "y": 2413.89892578125
        }
      }
    },
    {
      "base_support": 1.0,
      "center": {
        "x": 7112.7381812490175,
        "y": 2386.0734673661245
      },
      "digit": "1",
      "geometry_score": 0.8609464408811316,
      "interior_ink_ratio": 0.019410496046010063,
      "score": 0.9809464408811316,
      "side_support": 1.0,
      "status": "active",
      "triangle": {
        "apex": {
          "x": 7112.761672268106,
          "y": 2330.5495036608736
        },
        "left_base": {
          "x": 7064.7017495057125,
          "y": 2413.83544921875
        },
        "right_base": {
          "x": 7160.751121973234,
          "y": 2413.83544921875
        }
      }
    },
    {
      "base_support": 1.0,
      "center": {
        "x": 1405.6214365488697,
        "y": 2943.2193273538232
      },
      "digit": "1",
      "geometry_score": 0.8608917197452228,
      "interior_ink_ratio": 0.01910828025477707,
      "score": 0.9808917197452228,
      "side_support": 1.0,
      "status": "active",
      "triangle": {
        "apex": {
          "x": 1405.6392628868982,
          "y": 2877.5577623349077
        },
        "left_base": {
          "x": 1349.0590754423283,
          "y": 2976.0501098632812
        },
        "right_base": {
          "x": 1462.1659713173829,
          "y": 2976.0501098632812
        }
      }
    },
    {
      "base_support": 1.0,
      "center": {
        "x": 11294.63799054513,
        "y": 2552.136550846264
      },
      "digit": "1",
      "geometry_score": 0.8563779527559054,
      "interior_ink_ratio": 0.023622047244094488,
      "score": 0.9763779527559054,
      "side_support": 1.0,
      "status": "active",
      "triangle": {
        "apex": {
          "x": 11295.831175430703,
          "y": 2488.582504101292
        },
        "left_base": {
          "x": 11240.900757826115,
          "y": 2583.91357421875
        },
        "right_base": {
          "x": 11347.18203837857,
          "y": 2583.91357421875
        }
      }
    },
    {
      "base_support": 1.0,
      "center": {
        "x": 10324.940755208334,
        "y": 2479.2335611979165
      },
      "digit": "1",
      "geometry_score": 0.8407988289418654,
      "interior_ink_ratio": 0.009201171058134672,
      "score": 0.9607988289418654,
      "side_support": 0.6428571428571429,
      "status": "active",
      "triangle": {
        "apex": {
          "x": 10324.658203125,
          "y": 2415.27734375
        },
        "left_base": {
          "x": 10261.7294921875,
          "y": 2511.2568359375
        },
        "right_base": {
          "x": 10388.4345703125,
          "y": 2511.16650390625
        }
      }
    },
    {
      "base_support": 0.125,
      "center": {
        "x": 4262.970947265625,
        "y": 2428.4290771484375
      },
      "digit": "1",
      "geometry_score": 0.7297959183673469,
      "interior_ink_ratio": 0.01020408163265306,
      "score": 0.8497959183673469,
      "side_support": 0.9642857142857143,
      "status": "active",
      "triangle": {
        "apex": {
          "x": 4267.378173828125,
          "y": 2366.0216064453125
        },
        "left_base": {
          "x": 4207.0078125,
          "y": 2468.201416015625
        },
        "right_base": {
          "x": 4314.52685546875,
          "y": 2451.064208984375
        }
      }
    },
    {
      "base_support": 0.08333333333333333,
      "center": {
        "x": 6540.203125,
        "y": 2661.5445963541665
      },
      "digit": "1",
      "geometry_score": 0.7245930938747179,
      "interior_ink_ratio": 0.018740239458615304,
      "score": 0.8445930938747179,
      "side_support": 1.0,
      "status": "active",
      "triangle": {
        "apex": {
          "x": 6539.2958984375,
          "y": 2596.697509765625
        },
        "left_base": {
          "x": 6484.943359375,
          "y": 2693.990234375
        },
        "right_base": {
          "x": 6596.3701171875,
          "y": 2693.946044921875
        }
      }
    }
  ],
  "canonical_side_px": 109.15303039550781,