{
  "model": "grouped_from:F:\\Desktop\\m\\projects\\kevision\\CloudHammer\\runs\\fullpage_eval_broad_deduped_20260428\\outputs\\detections\\Drawing Rev2- Steel Grab Bars AE107.json",
  "pages": [
    {
      "detections": [
        {
          "bbox_page": [
            1723.6150146484374,
            1323.6130615234374,
            1009.3939941406252,
            887.5050781250002
          ],
          "confidence": 0.865368664264679,
          "crop_path": null,
          "metadata": {
            "fill_ratio": 0.8725634357911728,
            "group_area": 895842.2956286815,
            "member_area_sum": 781679.2314008139,
            "member_boxes_page": [
              [
                1793.2283935546875,
                1393.2264404296875,
                2366.0267333984375,
                2129.3173828125
              ],
              [
                2176.0,
                1402.7875061035156,
                2663.3956298828125,
                2141.5047607421875
              ]
            ],
            "member_confidences": [
              0.865368664264679,
              0.725349485874176
            ],
            "member_count": 2,
            "member_indexes": [
              1,
              2
            ]
          },
          "source_mode": "fragment_group"
        }
      ],
      "page": 1,
      "pdf": "F:\\Desktop\\m\\projects\\kevision\\revision_sets\\Revision #2 - Mod 5 grab bar supports\\Drawing Rev2- Steel Grab Bars AE107.pdf",
      "render_path": "F:\\Desktop\\m\\projects\\kevision\\CloudHammer\\data\\rasterized_pages\\Drawing_Rev2-_Steel_Grab_Bars_AE107_e23b5995_p0000.png"
    }
  ],
  "schema": "cloudhammer.detections.v1"
}