{
  "model": "grouped_from:F:\\Desktop\\m\\projects\\kevision\\CloudHammer\\runs\\fullpage_eval_broad_deduped_20260428\\outputs\\detections\\260303-VA Biloxi Rev 5 RFI-126.json",
  "pages": [
    {
      "detections": [
        {
          "bbox_page": [
            3609.3078955078126,
            3714.70181640625,
            4179.4652026367185,
            2937.664116210937
          ],
          "confidence": 0.9458723664283752,
          "crop_path": null,
          "metadata": {
            "fill_ratio": 0.5433787223124271,
            "group_area": 12277864.950738162,
            "member_area_sum": 6671530.569656633,
            "member_boxes_page": [
              [
                3901.2840576171875,
                4015.350341796875,
                4542.68115234375,
                4544.0
              ],
              [
                3897.775634765625,
                5457.671203613281,
                4544.0,
                6341.7333984375
              ],
              [
                6533.613220214844,
                4014.976318359375,
                7480.1134033203125,
                4544.0
              ],
              [
                6533.556884765625,
                5440.0,
                7484.1614990234375,
                6362.333557128906
              ],
              [
                6528.0,
                4352.0,
                7500.534118652344,
                5520.219970703125
              ],
              [
                5440.0,
                5440.0,
                6671.322509765625,
                6364.126953125
              ],
              [
                3897.546875,
                4352.0,
                4544.0,
                5482.657958984375
              ],
              [
                5449.326904296875,
                4002.9407958984375,
                6706.731689453125,
                4094.5828857421875
              ],
              [
                4358.89404296875,
                4006.22705078125,
                5619.39013671875,
                4098.598388671875
              ],
              [
                4352.0,
                5440.0,
                5594.529541015625,
                6363.152099609375
              ]
            ],
            "member_confidences": [
              0.9458723664283752,
              0.911195695400238,
              0.8832303285598755,
              0.8646524548530579,
              0.8255072236061096,
              0.8028454184532166,
              0.7889807224273682,
              0.7762944102287292,
              0.6265542507171631,
              0.6122854351997375
            ],
            "member_count": 10,
            "member_indexes": [
              1,
              2,
              3,
              4,
              5,
              6,
              7,
              8,
              9,
              10
            ]
          },
          "source_mode": "fragment_group"
        }
      ],
      "page": 3,
      "pdf": "F:\\Desktop\\m\\projects\\kevision\\revision_sets\\Revision #5 - RFI 126 - Concrete Repairs\\260303-VA Biloxi Rev 5 RFI-126.pdf",
      "render_path": "F:\\Desktop\\m\\projects\\kevision\\CloudHammer\\data\\rasterized_pages\\260303-VA_Biloxi_Rev_5_RFI-126_56f520d9_p0002.png"
    },
    {
      "detections": [
        {
          "bbox_page": [
            3942.1719189453124,
            3319.237196044922,
            467.31814941406265,
            273.809696044922
          ],
          "confidence": 0.9468193054199219,
          "crop_path": null,
          "metadata": {
            "fill_ratio": 0.9731041152603814,
            "group_area": 127956.24044733995,
            "member_area_sum": 124514.74415255338,
            "member_boxes_page": [
              [
                3976.031005859375,
                3351.466033935547,
                4377.26123046875,
                3560.8180541992188
              ],
              [
                3974.4007568359375,
                3352.9637451171875,
                4370.7171630859375,
                3455.1961669921875
              ]
            ],
            "member_confidences": [
              0.9468193054199219,
              0.8922439217567444
            ],
            "member_count": 2,
            "member_indexes": [
              1,
              2
            ]
          },
          "source_mode": "fragment_group"
        }
      ],
      "page": 4,
      "pdf": "F:\\Desktop\\m\\projects\\kevision\\revision_sets\\Revision #5 - RFI 126 - Concrete Repairs\\260303-VA Biloxi Rev 5 RFI-126.pdf",
      "render_path": "F:\\Desktop\\m\\projects\\kevision\\CloudHammer\\data\\rasterized_pages\\260303-VA_Biloxi_Rev_5_RFI-126_56f520d9_p0003.png"
    }
  ],
  "schema": "cloudhammer.detections.v1"
}